{"stats":{"minecraft:mined":{"born_in_chaos_v1:marigolds":1,"minecraft:mossy_cobblestone":3,"minecraft:crafting_table":2,"minecraft:grass":11,"minecraft:grass_block":2,"minecraft:oak_log":10,"minecraft:dirt":1,"minecraft:sand":2,"minecraft:tall_grass":1,"minecraft:cobblestone":9,"minecraft:stone":14,"minecraft:oak_leaves":1,"minecraft:spawner":1},"minecraft:broken":{"minecraft:wooden_pickaxe":1},"minecraft:crafted":{"minecraft:oak_planks":16,"minecraft:wooden_hoe":1,"minecraft:crafting_table":1,"minecraft:stick":12,"minecraft:wooden_pickaxe":1,"minecraft:stone_pickaxe":1,"minecraft:stone_sword":1,"minecraft:stone_axe":1},"minecraft:dropped":{"minecraft:dirt":1},"minecraft:custom":{"minecraft:time_since_rest":3419,"minecraft:sprint_one_cm":40595,"minecraft:damage_taken":555,"minecraft:walk_one_cm":46169,"minecraft:mob_kills":5,"minecraft:drop":1,"minecraft:damage_dealt":719,"minecraft:fly_one_cm":17795,"minecraft:swim_one_cm":8478,"minecraft:interact_with_crafting_table":3,"minecraft:crouch_one_cm":178,"minecraft:play_time":17014,"minecraft:deaths":1,"minecraft:sneak_time":114,"minecraft:walk_under_water_one_cm":1377,"minecraft:jump":155,"minecraft:walk_on_water_one_cm":2215,"minecraft:time_since_death":3388,"minecraft:total_world_time":17014,"minecraft:fall_one_cm":1941},"minecraft:used":{"minecraft:wheat_seeds":1,"minecraft:wooden_hoe":6,"minecraft:stone_sword":8,"minecraft:stone_pickaxe":14,"mysticalagriculture:inferium_essence":2,"minecraft:wooden_pickaxe":39,"born_in_chaos_v1:marigolds":1,"minecraft:stone_axe":1,"minecraft:sand":1,"minecraft:crafting_table":2,"minecraft:porkchop":9},"minecraft:killed_by":{"minecraft:zombie":1},"minecraft:picked_up":{"minecraft:crafting_table":2,"minecraft:porkchop":9,"minecraft:sand":1,"minecraft:oak_log":10,"minecraft:dirt":2,"minecraft:mossy_cobblestone":3,"silentgear:sinew":2,"minecraft:string":2,"born_in_chaos_v1:marigolds":1,"minecraft:wheat_seeds":1,"mysticalagriculture:inferium_essence":2,"minecraft:cobblestone":15},"minecraft:killed":{"minecraft:pig":4,"minecraft:spider":1}},"DataVersion":3337}