{"stats":{"minecraft:used":{"minecraft:iron_shovel":252,"minecraft:poppy":12,"minecraft:oak_sign":2,"minecraft:chest":7,"minecraft:shield":25,"minecraft:stone":389,"minecraft:iron_sword":72,"minecraft:rotten_flesh":2,"mysticalagriculture:supremium_boots":1,"constructionwand:iron_wand":10,"minecraft:mutton":9,"minecraft:carrot":317,"twilightforest:mazestone_mosaic":11,"ironchest:iron_chest":8,"immersiveengineering:cokebrick":213,"minecraft:snowball":1,"mysticalagriculture:inferium_seeds":2,"born_in_chaos_v1:corpse_maggot":6,"mysticalagriculture:supremium_helmet":1,"minecraft:coal_ore":17,"minecraft:birch_sapling":5,"mysticalagriculture:inferium_essence":2,"minecraft:green_wool":1,"minecraft:oak_sapling":134,"minecraft:furnace":6,"minecraft:cooked_cod":8,"minecraft:potato":1,"mysticalagriculture:supremium_sword":88,"minecraft:stone_pickaxe":131,"minecraft:wooden_pickaxe":39,"minecraft:sugar_cane":9,"minecraft:sand":1,"silentgear:boots":5,"bettercopper:copper_pickaxe":162,"max_armory:copper_sword":392,"waystones:waystone":2,"immersiveengineering:hammer":7,"born_in_chaos_v1:monster_flesh":1,"minecraft:bread":1,"minecraft:brown_wool":1,"ironchest:iron_to_gold_chest_upgrade":2,"born_in_chaos_v1:smoked_monster_flesh":9,"born_in_chaos_v1:marigolds":1,"born_in_chaos_v1:rotten_fish":4,"twilightforest:meef_stroganoff":1,"silentgear:helmet":3,"minecraft:andesite":7,"minecraft:bone_meal":40,"minecraft:stone_sword":109,"minecraft:flint_and_steel":10,"minecraft:dried_kelp":18,"minecraft:cooked_chicken":1,"silentgear:chestplate":5,"minecraft:torch":212,"minecraft:dirt":654,"twilightforest:cracked_mazestone":1,"mysticalagriculture:supremium_leggings":1,"minecraft:iron_axe":397,"bettercopper:copper_boots":2,"silentgear:leggings":5,"minecraft:beef":1,"everythingcopper:copper_axe":352,"ironchest:gold_chest":2,"torchmaster:megatorch":1,"minecraft:cobbled_deepslate":11,"minecraft:wheat_seeds":1,"minecraft:cooked_mutton":5,"minecraft:water_bucket":15,"minecraft:baked_potato":28,"ironchest:wood_to_copper_chest_upgrade":1,"minecraft:tnt":107,"minecraft:crafting_table":4,"bettercopper:copper_shovel":253,"mysticalagriculture:supremium_chestplate":1,"minecraft:white_bed":2,"minecraft:campfire":3,"minecraft:oak_log":26,"everythingcopper:copper_chestplate":2,"twilightforest:mazebreaker_pickaxe":56,"minecraft:wooden_hoe":31,"minecraft:apple":2,"minecraft:iron_pickaxe":368,"bettercopper:copper_leggings":2,"minecraft:stone_axe":49,"minecraft:cobblestone":7,"minecraft:white_banner":1,"minecraft:porkchop":9,"minecraft:bucket":16,"minecraft:dandelion":22},"minecraft:killed":{"minecraft:cave_spider":1,"born_in_chaos_v1:restless_spirit":2,"minecraft:spider":1,"twilightforest:maze_slime":11,"minecraft:cod":8,"twilightforest:lich_minion":1,"minecraft:skeleton":9,"twilightforest:lich":1,"twilightforest:pinch_beetle":2,"minecraft:chicken":1,"twilightforest:minoshroom":1,"twilightforest:minotaur":1,"twilightforest:slime_beetle":1,"minecraft:pig":4,"minecraft:creeper":3,"minecraft:sheep":3,"minecraft:trader_llama":2,"born_in_chaos_v1:zombie_fisherman":1,"minecraft:pillager":3,"minecraft:zombie":12,"born_in_chaos_v1:dread_hound":10,"born_in_chaos_v1:corpse_fly":8,"mutantmonsters:mutant_creeper":1,"born_in_chaos_v1:door_knight":1,"minecraft:cow":1,"born_in_chaos_v1:thornshell_crab":1,"born_in_chaos_v1:zombie_bruiser":3,"born_in_chaos_v1:maggot":5,"born_in_chaos_v1:dire_hound_leader":1,"twilightforest:naga":1,"twilightforest:death_tome":2,"born_in_chaos_v1:corpse_fish":6,"born_in_chaos_v1:baby_skeleton":1,"twilightforest:kobold":15,"minecraft:wandering_trader":1,"born_in_chaos_v1:bloody_gadfly":1,"twilightforest:bighorn_sheep":2},"minecraft:crafted":{"minecraft:oak_planks":44,"silentgear:chestplate":1,"bettercopper:copper_leggings":1,"max_armory:copper_sword":2,"bettercopper:copper_helmet":1,"silentgear:leggings":1,"minecraft:cooked_mutton":5,"minecraft:glass":64,"immersiveengineering:ingot_silver":3,"minecraft:iron_boots":3,"minecraft:chest":5,"minecraft:dried_kelp_block":70,"ironchest:wood_to_copper_chest_upgrade":1,"minecraft:crafting_table":1,"constructionwand:iron_wand":1,"minecraft:wooden_pickaxe":1,"minecraft:iron_helmet":1,"minecraft:copper_ingot":54,"minecraft:campfire":3,"minecraft:wooden_hoe":1,"minecraft:iron_chestplate":1,"minecraft:charcoal":4,"minecraft:shield":2,"minecraft:stick":24,"minecraft:compass":2,"minecraft:iron_ingot":137,"minecraft:iron_pickaxe":4,"minecraft:stone_sword":1,"bettercopper:copper_shovel":1,"minecraft:gold_ingot":2,"silentgear:helmet":1,"minecraft:furnace":4,"minecraft:bone_meal":45,"silentgear:boots":1,"minecraft:iron_axe":2,"minecraft:stone_pickaxe":1,"bettercopper:copper_pickaxe":1,"bettercopper:copper_boots":1,"everythingcopper:copper_chestplate":1,"everythingcopper:copper_axe":2,"minecraft:dried_kelp":223,"minecraft:iron_sword":1,"revampedwolf:iron_wolf_armor":1,"ironchest:copper_chest":1,"minecraft:bucket":1,"minecraft:stone_axe":1,"minecraft:bread":1,"minecraft:air":0,"aether:iron_gloves":2,"ironchest:iron_to_gold_chest_upgrade":2,"minecraft:iron_shovel":2,"minecraft:iron_leggings":1,"minecraft:white_bed":2,"minecraft:torch":4,"ironchest:iron_chest":2},"minecraft:dropped":{"twilightforest:nagastone":2,"minecraft:oak_log":90,"minecraft:baked_potato":127,"minecraft:diamond":1,"twilightforest:mazebreaker_pickaxe":1,"minecraft:flint":2,"minecraft:dirt":1,"constructionwand:iron_wand":4,"born_in_chaos_v1:monster_skin":8,"minecraft:snowball":4,"minecraft:bone_meal":5,"minecraft:iron_pickaxe":2,"minecraft:bone":6,"minecraft:gravel":2,"minecraft:stone_axe":2,"minecraft:compass":1,"minecraft:birch_sapling":1,"minecraft:rotten_flesh":11,"minecraft:oak_planks":7,"mysticalagriculture:supremium_sword":1,"minecraft:cooked_mutton":4,"minecraft:carrot":61,"mysticalagriculture:supremium_helmet":1,"mysticalagriculture:inferium_essence":2,"born_in_chaos_v1:corpse_maggot":3,"minecraft:painting":8,"minecraft:iron_bars":3,"twilightforest:magic_map":1,"immersiveengineering:seed":6,"twilightforest:zombie_scepter":2,"minecraft:wheat_seeds":1,"mysticalagriculture:supremium_boots":1,"minecraft:cobblestone":1,"minecraft:granite":29,"silentgear:sinew":4,"twilightforest:canopy_log":2,"minecraft:stick":1,"mysticalagriculture:supremium_leggings":1,"born_in_chaos_v1:gnawed_bones":1,"minecraft:gray_wool":1,"minecraft:diorite":2,"minecraft:torch":15,"minecraft:brown_wool":2,"mysticalagriculture:prosperity_shard":27,"minecraft:iron_axe":1,"minecraft:iron_shovel":1,"minecraft:bucket":1,"minecraft:smooth_basalt":1,"minecraft:stone_sword":1,"minecraft:shield":1,"aether:iron_gloves":1,"born_in_chaos_v1:spiny_shell":2,"minecraft:andesite":4,"mysticalagriculture:supremium_chestplate":1},"minecraft:picked_up":{"minecraft:wheat":6,"mysticalagriculture:supremium_sword":1,"twilightforest:naga_trophy":1,"minecraft:lead":1,"minecraft:stone_brick_stairs":1,"mysticalagriculture:prosperity_seed_base":2,"minecraft:amethyst_block":36,"twilightforest:cut_mazestone":1,"silentgear:sinew":4,"minecraft:string":2,"mysticalagriculture:stone_seeds":1,"minecraft:raw_copper":35,"minecraft:oak_sign":2,"mysticalagriculture:inferium_essence":63,"minecraft:gold_nugget":5,"minecraft:cobbled_deepslate":26,"minecraft:bucket":1,"twilightforest:mazebreaker_pickaxe":1,"minecraft:redstone_torch":3,"minecraft:iron_pickaxe":1,"minecraft:furnace":2,"minecraft:stick":217,"immersiveengineering:shader_bag_epic":2,"minecraft:oak_fence":4,"minecraft:torch":37,"mysticalagriculture:prosperity_shard":114,"minecraft:porkchop":9,"minecraft:dried_kelp":672,"mysticalagriculture:inferium_seeds":3,"ironchest:gold_chest":2,"minecraft:diorite":2,"minecraft:stone_sword":1,"minecraft:rotten_flesh":33,"minecraft:green_wool":1,"minecraft:iron_bars":11,"minecraft:cod":8,"minecraft:snowball":5,"minecraft:cobblestone":334,"minecraft:birch_log":32,"minecraft:iron_door":1,"minecraft:water_bucket":1,"minecraft:andesite":11,"minecraft:brown_wool":2,"ironchest:copper_chest":1,"minecraft:flint":2,"minecraft:tuff":1,"twilightforest:mossy_mazestone":5,"constructionwand:iron_wand":4,"minecraft:lapis_lazuli":23,"minecraft:dirt":625,"mysticalagriculture:supremium_helmet":1,"born_in_chaos_v1:monster_skin":16,"born_in_chaos_v1:marigolds":1,"minecraft:bone":6,"minecraft:wheat_seeds":19,"minecraft:raw_gold":8,"twilightforest:decorative_mazestone":13,"minecraft:oak_planks":22,"immersiveengineering:creosote_bucket":2,"twilightforest:mazestone_brick":10,"minecraft:oak_pressure_plate":13,"torchmaster:megatorch":1,"mysticalagriculture:supremium_chestplate":1,"minecraft:sand":65,"twilightforest:canopy_log":2,"minecraft:mossy_cobblestone":3,"waystones:waystone":1,"minecraft:granite":29,"minecraft:bone_meal":3,"minecraft:oak_sapling":277,"born_in_chaos_v1:rotten_fish":6,"minecraft:crafting_table":4,"born_in_chaos_v1:diamond_termite_shard":1,"born_in_chaos_v1:smoked_monster_flesh":9,"minecraft:chicken":1,"immersiveengineering:plantoil_bucket":4,"minecraft:brown_mushroom":4,"twilightforest:nagastone":1,"minecraft:chain":2,"minecraft:shield":2,"minecraft:iron_axe":2,"minecraft:compass":1,"minecraft:iron_shovel":1,"minecraft:beef":1,"born_in_chaos_v1:gnawed_bones":1,"twilightforest:naga_scale":9,"minecraft:poppy":15,"minecraft:sugar_cane":30,"minecraft:chest":3,"minecraft:birch_sapling":10,"minecraft:egg":1,"minecraft:raw_iron":20,"ironchest:iron_chest":2,"twilightforest:zombie_scepter":2,"minecraft:carrot":786,"minecraft:redstone":39,"minecraft:tnt":17,"twilightforest:mazestone":45,"minecraft:arrow":5,"minecraft:cooked_cod":1,"mysticalagriculture:supremium_boots":1,"twilightforest:mazestone_mosaic":79,"born_in_chaos_v1:spiny_shell":2,"minecraft:mutton":18,"minecraft:white_wool":7,"born_in_chaos_v1:corpse_maggot":9,"born_in_chaos_v1:monster_flesh":10,"minecraft:leather":2,"minecraft:red_mushroom":1,"minecraft:oak_log":754,"minecraft:gunpowder":11,"minecraft:cobblestone_stairs":1,"minecraft:paper":4,"minecraft:white_banner":1,"minecraft:cooked_mutton":4,"immersiveengineering:cokebrick":192,"minecraft:apple":32,"minecraft:stone_bricks":1,"minecraft:kelp":1008,"minecraft:iron_ingot":1,"minecraft:cooked_chicken":1,"minecraft:iron_sword":5,"minecraft:book":2,"twilightforest:cracked_mazestone":7,"minecraft:smooth_basalt":1,"born_in_chaos_v1:ethereal_spirit":2,"minecraft:dandelion":23,"minecraft:gravel":2,"minecraft:amethyst_shard":6,"born_in_chaos_v1:fangofthe_hound_leader":3,"silentgear:bort":2,"mysticalagriculture:supremium_leggings":1,"minecraft:slime_ball":12,"immersiveengineering:seed":11,"minecraft:painting":20,"minecraft:gray_wool":1,"minecraft:baked_potato":250,"twilightforest:spiral_bricks":1,"twilightforest:steeleaf_pickaxe":1,"minecraft:coal":38,"immersiveengineering:raw_silver":8},"minecraft:custom":{"minecraft:interact_with_crafting_table":103,"minecraft:leave_game":13,"minecraft:time_since_death":82982,"minecraft:sprint_one_cm":1004253,"minecraft:damage_blocked_by_shield":1146,"minecraft:drop":104,"minecraft:talked_to_villager":1,"minecraft:play_time":514397,"minecraft:deaths":27,"minecraft:jump":2641,"minecraft:walk_on_water_one_cm":68427,"minecraft:interact_with_furnace":214,"minecraft:sleep_in_bed":11,"minecraft:waystone_activated":4,"minecraft:damage_dealt":24886,"minecraft:crouch_one_cm":37608,"minecraft:mob_kills":130,"minecraft:interact_with_campfire":750,"minecraft:damage_dealt_resisted":1294,"minecraft:walk_one_cm":1308739,"minecraft:sneak_time":15990,"minecraft:walk_under_water_one_cm":87171,"minecraft:total_world_time":514397,"minecraft:time_since_rest":83003,"minecraft:damage_taken":11866,"minecraft:use_wand":63,"minecraft:swim_one_cm":189234,"minecraft:fly_one_cm":1955162,"minecraft:open_chest":367,"minecraft:fall_one_cm":53186},"minecraft:mined":{"minecraft:large_amethyst_bud":2,"minecraft:oak_sapling":16,"minecraft:cobblestone_stairs":1,"minecraft:granite":33,"minecraft:budding_amethyst":6,"minecraft:grass_block":298,"twilightforest:decorative_mazestone":9,"ironchest:copper_chest":1,"mysticalagriculture:inferium_ore":1,"minecraft:spawner":3,"minecraft:tall_seagrass":3,"minecraft:iron_ore":15,"minecraft:fire":1,"ironchest:gold_chest":2,"immersiveengineering:deepslate_ore_silver":9,"minecraft:deepslate_lapis_ore":4,"silentgear:deepslate_bort_ore":3,"minecraft:oak_sign":2,"minecraft:small_amethyst_bud":1,"minecraft:iron_bars":18,"minecraft:deepslate_redstone_ore":12,"minecraft:kelp_plant":166,"minecraft:medium_amethyst_bud":2,"minecraft:amethyst_cluster":3,"minecraft:torch":9,"twilightforest:spiral_bricks":1,"mysticalagriculture:inferium_crop":3,"twilightforest:cut_mazestone":1,"minecraft:poppy":17,"minecraft:chest":3,"minecraft:cobblestone":12,"minecraft:sugar_cane":7,"minecraft:iron_door":1,"minecraft:wall_torch":9,"minecraft:amethyst_block":37,"minecraft:seagrass":4,"minecraft:birch_log":32,"minecraft:tnt":3,"minecraft:stone_brick_stairs":1,"minecraft:grass":62,"minecraft:oak_log":583,"minecraft:sand":2,"minecraft:dirt":292,"mysticalagriculture:deepslate_prosperity_ore":47,"minecraft:smooth_basalt":1,"twilightforest:canopy_log":1,"minecraft:oak_leaves":180,"mysticalagriculture:deepslate_inferium_ore":9,"minecraft:deepslate":26,"minecraft:diamond_ore":1,"minecraft:tuff":1,"minecraft:mossy_cobblestone":3,"twilightforest:cracked_mazestone":4,"minecraft:sea_lantern":2,"torchmaster:megatorch":2,"minecraft:kelp":34,"twilightforest:mazestone_mosaic":8,"minecraft:furnace":2,"minecraft:carrots":186,"minecraft:andesite":13,"minecraft:deepslate_iron_ore":9,"ironchest:iron_chest":2,"minecraft:stone":346,"born_in_chaos_v1:marigolds":1,"minecraft:dandelion":24,"minecraft:oak_fence":6,"minecraft:crafting_table":3,"twilightforest:mazestone_brick":8,"twilightforest:nagastone":1,"minecraft:tall_grass":6,"minecraft:copper_ore":11,"minecraft:deepslate_gold_ore":8,"endofherobrine:mossy_stone_bricks":1,"minecraft:diorite":1,"minecraft:coal_ore":38,"minecraft:gravel":3,"minecraft:stone_bricks":1},"minecraft:killed_by":{"twilightforest:lich_minion":1,"minecraft:creeper":1,"born_in_chaos_v1:corpse_fly":1,"mutantmonsters:mutant_creeper":1,"minecraft:zombie":1,"born_in_chaos_v1:zombie_lumberjack":3,"minecraft:skeleton":4,"minecraft:guardian":4,"born_in_chaos_v1:corpse_fish":1,"born_in_chaos_v1:missioner":4},"minecraft:broken":{"minecraft:iron_shovel":1,"minecraft:stone_pickaxe":1,"everythingcopper:copper_axe":2,"bettercopper:copper_shovel":1,"max_armory:copper_sword":1,"minecraft:wooden_pickaxe":1,"minecraft:iron_axe":1,"minecraft:iron_pickaxe":1}},"DataVersion":3337}