{"stats":{"minecraft:dropped":{"minecraft:oak_log":90,"minecraft:diamond":1,"minecraft:dirt":1,"constructionwand:iron_wand":4,"born_in_chaos_v1:monster_skin":8,"minecraft:snowball":4,"minecraft:bone_meal":5,"minecraft:iron_pickaxe":2,"minecraft:bone":6,"minecraft:gravel":2,"minecraft:birch_sapling":1,"minecraft:rotten_flesh":11,"minecraft:oak_planks":7,"minecraft:carrot":61,"born_in_chaos_v1:corpse_maggot":3,"immersiveengineering:seed":6,"minecraft:wheat_seeds":1,"minecraft:cobblestone":1,"minecraft:granite":29,"silentgear:sinew":4,"twilightforest:canopy_log":2,"born_in_chaos_v1:gnawed_bones":1,"minecraft:gray_wool":1,"minecraft:diorite":2,"minecraft:brown_wool":2,"mysticalagriculture:prosperity_shard":27,"minecraft:iron_axe":1,"minecraft:bucket":1,"minecraft:smooth_basalt":1,"minecraft:stone_sword":1,"aether:iron_gloves":1,"minecraft:andesite":4,"born_in_chaos_v1:spiny_shell":2},"minecraft:custom":{"minecraft:interact_with_crafting_table":93,"minecraft:leave_game":8,"minecraft:time_since_death":19209,"minecraft:sprint_one_cm":756645,"minecraft:damage_blocked_by_shield":1001,"minecraft:drop":78,"minecraft:talked_to_villager":1,"minecraft:play_time":398069,"minecraft:deaths":24,"minecraft:jump":2117,"minecraft:walk_on_water_one_cm":66487,"minecraft:interact_with_furnace":204,"minecraft:sleep_in_bed":10,"minecraft:waystone_activated":3,"minecraft:damage_dealt":14198,"minecraft:crouch_one_cm":36048,"minecraft:mob_kills":85,"minecraft:interact_with_campfire":750,"minecraft:damage_dealt_resisted":1294,"minecraft:walk_one_cm":995103,"minecraft:sneak_time":14907,"minecraft:walk_under_water_one_cm":86576,"minecraft:total_world_time":398069,"minecraft:time_since_rest":19233,"minecraft:damage_taken":9768,"minecraft:use_wand":63,"minecraft:swim_one_cm":184072,"minecraft:fly_one_cm":636974,"minecraft:open_chest":248,"minecraft:fall_one_cm":41557},"minecraft:killed":{"born_in_chaos_v1:restless_spirit":2,"minecraft:spider":1,"minecraft:cod":8,"minecraft:skeleton":5,"minecraft:chicken":1,"minecraft:pig":4,"minecraft:creeper":1,"minecraft:sheep":3,"minecraft:trader_llama":2,"born_in_chaos_v1:zombie_fisherman":1,"minecraft:pillager":3,"minecraft:zombie":11,"born_in_chaos_v1:dread_hound":10,"born_in_chaos_v1:corpse_fly":8,"born_in_chaos_v1:door_knight":1,"minecraft:cow":1,"born_in_chaos_v1:thornshell_crab":1,"born_in_chaos_v1:zombie_bruiser":3,"born_in_chaos_v1:maggot":5,"born_in_chaos_v1:dire_hound_leader":1,"born_in_chaos_v1:corpse_fish":6,"born_in_chaos_v1:baby_skeleton":1,"minecraft:wandering_trader":1,"born_in_chaos_v1:bloody_gadfly":1,"twilightforest:bighorn_sheep":2},"minecraft:crafted":{"minecraft:oak_planks":44,"silentgear:chestplate":1,"bettercopper:copper_leggings":1,"max_armory:copper_sword":2,"bettercopper:copper_helmet":1,"silentgear:leggings":1,"minecraft:cooked_mutton":5,"minecraft:glass":64,"immersiveengineering:ingot_silver":3,"minecraft:iron_boots":3,"minecraft:chest":5,"minecraft:dried_kelp_block":70,"ironchest:wood_to_copper_chest_upgrade":1,"minecraft:crafting_table":1,"constructionwand:iron_wand":1,"minecraft:wooden_pickaxe":1,"minecraft:iron_helmet":1,"minecraft:copper_ingot":54,"minecraft:campfire":3,"minecraft:iron_chestplate":1,"minecraft:wooden_hoe":1,"minecraft:charcoal":4,"minecraft:shield":2,"minecraft:stick":24,"minecraft:iron_ingot":137,"minecraft:iron_pickaxe":3,"minecraft:stone_sword":1,"bettercopper:copper_shovel":1,"minecraft:gold_ingot":2,"silentgear:helmet":1,"minecraft:furnace":4,"minecraft:bone_meal":45,"silentgear:boots":1,"minecraft:iron_axe":1,"minecraft:stone_pickaxe":1,"bettercopper:copper_pickaxe":1,"bettercopper:copper_boots":1,"everythingcopper:copper_chestplate":1,"everythingcopper:copper_axe":2,"minecraft:dried_kelp":223,"minecraft:iron_sword":1,"revampedwolf:iron_wolf_armor":1,"ironchest:copper_chest":1,"minecraft:bucket":1,"minecraft:stone_axe":1,"minecraft:bread":1,"minecraft:air":0,"aether:iron_gloves":2,"ironchest:iron_to_gold_chest_upgrade":2,"minecraft:iron_shovel":1,"minecraft:iron_leggings":1,"minecraft:white_bed":2,"minecraft:torch":4,"ironchest:iron_chest":2},"minecraft:killed_by":{"minecraft:creeper":1,"born_in_chaos_v1:corpse_fly":1,"mutantmonsters:mutant_creeper":1,"minecraft:zombie":1,"born_in_chaos_v1:zombie_lumberjack":3,"minecraft:skeleton":4,"minecraft:guardian":4,"born_in_chaos_v1:corpse_fish":1,"born_in_chaos_v1:missioner":4},"minecraft:picked_up":{"minecraft:lead":1,"mysticalagriculture:prosperity_seed_base":2,"minecraft:amethyst_block":36,"silentgear:sinew":4,"minecraft:string":2,"minecraft:raw_copper":35,"mysticalagriculture:stone_seeds":1,"minecraft:oak_sign":2,"mysticalagriculture:inferium_essence":57,"minecraft:cobbled_deepslate":26,"minecraft:bucket":1,"minecraft:redstone_torch":3,"minecraft:furnace":2,"minecraft:stick":168,"minecraft:torch":15,"mysticalagriculture:prosperity_shard":114,"minecraft:porkchop":9,"minecraft:dried_kelp":672,"mysticalagriculture:inferium_seeds":1,"ironchest:gold_chest":2,"minecraft:diorite":2,"minecraft:stone_sword":1,"minecraft:rotten_flesh":31,"minecraft:green_wool":1,"minecraft:snowball":5,"minecraft:cod":8,"minecraft:cobblestone":334,"minecraft:birch_log":7,"minecraft:iron_door":1,"minecraft:andesite":11,"minecraft:brown_wool":2,"ironchest:copper_chest":1,"minecraft:flint":2,"minecraft:tuff":1,"minecraft:dirt":625,"minecraft:lapis_lazuli":23,"constructionwand:iron_wand":4,"born_in_chaos_v1:monster_skin":16,"born_in_chaos_v1:marigolds":1,"minecraft:bone":5,"minecraft:wheat_seeds":17,"minecraft:raw_gold":8,"minecraft:oak_planks":22,"torchmaster:megatorch":1,"minecraft:sand":65,"twilightforest:canopy_log":2,"minecraft:mossy_cobblestone":3,"waystones:waystone":1,"minecraft:granite":29,"minecraft:bone_meal":3,"born_in_chaos_v1:rotten_fish":6,"minecraft:oak_sapling":244,"minecraft:crafting_table":4,"born_in_chaos_v1:diamond_termite_shard":1,"minecraft:chicken":1,"born_in_chaos_v1:smoked_monster_flesh":9,"minecraft:chain":2,"minecraft:iron_axe":1,"minecraft:beef":1,"born_in_chaos_v1:gnawed_bones":1,"minecraft:poppy":15,"minecraft:sugar_cane":30,"minecraft:chest":3,"minecraft:birch_sapling":1,"minecraft:egg":1,"minecraft:raw_iron":20,"ironchest:iron_chest":2,"minecraft:carrot":369,"minecraft:redstone":39,"minecraft:arrow":4,"minecraft:cooked_cod":1,"born_in_chaos_v1:spiny_shell":2,"minecraft:mutton":18,"minecraft:white_wool":7,"born_in_chaos_v1:corpse_maggot":9,"born_in_chaos_v1:monster_flesh":10,"minecraft:leather":2,"minecraft:oak_log":667,"minecraft:white_banner":1,"minecraft:apple":28,"minecraft:kelp":1008,"minecraft:iron_ingot":1,"minecraft:cooked_chicken":1,"minecraft:iron_sword":4,"minecraft:smooth_basalt":1,"born_in_chaos_v1:ethereal_spirit":2,"minecraft:dandelion":23,"minecraft:gravel":2,"minecraft:amethyst_shard":6,"born_in_chaos_v1:fangofthe_hound_leader":3,"silentgear:bort":2,"immersiveengineering:seed":11,"minecraft:gray_wool":1,"minecraft:coal":38,"immersiveengineering:raw_silver":8},"minecraft:mined":{"minecraft:large_amethyst_bud":2,"minecraft:oak_sapling":16,"minecraft:granite":33,"minecraft:budding_amethyst":6,"minecraft:grass_block":298,"ironchest:copper_chest":1,"mysticalagriculture:inferium_ore":1,"minecraft:spawner":1,"minecraft:tall_seagrass":3,"minecraft:iron_ore":15,"minecraft:fire":1,"ironchest:gold_chest":2,"immersiveengineering:deepslate_ore_silver":9,"minecraft:deepslate_lapis_ore":4,"silentgear:deepslate_bort_ore":3,"minecraft:oak_sign":2,"minecraft:small_amethyst_bud":1,"minecraft:deepslate_redstone_ore":12,"minecraft:kelp_plant":166,"minecraft:medium_amethyst_bud":2,"minecraft:amethyst_cluster":3,"minecraft:torch":8,"minecraft:poppy":17,"minecraft:chest":3,"minecraft:cobblestone":12,"minecraft:sugar_cane":7,"minecraft:iron_door":1,"minecraft:wall_torch":3,"minecraft:amethyst_block":37,"minecraft:seagrass":4,"minecraft:birch_log":7,"minecraft:grass":62,"minecraft:oak_log":494,"minecraft:sand":2,"minecraft:dirt":291,"minecraft:smooth_basalt":1,"mysticalagriculture:deepslate_prosperity_ore":47,"twilightforest:canopy_log":1,"minecraft:oak_leaves":155,"mysticalagriculture:deepslate_inferium_ore":9,"minecraft:deepslate":26,"minecraft:diamond_ore":1,"minecraft:tuff":1,"minecraft:mossy_cobblestone":3,"minecraft:sea_lantern":2,"torchmaster:megatorch":2,"minecraft:kelp":34,"minecraft:furnace":2,"minecraft:carrots":105,"minecraft:andesite":13,"minecraft:deepslate_iron_ore":9,"ironchest:iron_chest":2,"minecraft:stone":346,"born_in_chaos_v1:marigolds":1,"minecraft:dandelion":24,"minecraft:crafting_table":3,"minecraft:tall_grass":5,"minecraft:copper_ore":11,"minecraft:deepslate_gold_ore":8,"endofherobrine:mossy_stone_bricks":1,"minecraft:diorite":1,"minecraft:coal_ore":38,"minecraft:gravel":3},"minecraft:broken":{"minecraft:iron_shovel":1,"minecraft:stone_pickaxe":1,"everythingcopper:copper_axe":2,"bettercopper:copper_shovel":1,"max_armory:copper_sword":1,"minecraft:wooden_pickaxe":1,"minecraft:iron_axe":1,"minecraft:iron_pickaxe":1},"minecraft:used":{"minecraft:iron_shovel":251,"minecraft:poppy":12,"minecraft:oak_sign":2,"minecraft:chest":7,"minecraft:shield":23,"minecraft:iron_sword":71,"minecraft:rotten_flesh":2,"constructionwand:iron_wand":10,"minecraft:mutton":9,"minecraft:carrot":231,"ironchest:iron_chest":4,"minecraft:snowball":1,"born_in_chaos_v1:corpse_maggot":6,"mysticalagriculture:inferium_essence":2,"minecraft:green_wool":1,"minecraft:furnace":6,"minecraft:oak_sapling":134,"minecraft:cooked_cod":8,"minecraft:stone_pickaxe":131,"minecraft:wooden_pickaxe":39,"minecraft:sugar_cane":9,"minecraft:sand":1,"silentgear:boots":5,"bettercopper:copper_pickaxe":162,"max_armory:copper_sword":392,"waystones:waystone":1,"born_in_chaos_v1:monster_flesh":1,"minecraft:bread":1,"minecraft:brown_wool":1,"born_in_chaos_v1:marigolds":1,"ironchest:iron_to_gold_chest_upgrade":2,"born_in_chaos_v1:smoked_monster_flesh":9,"born_in_chaos_v1:rotten_fish":4,"silentgear:helmet":3,"minecraft:andesite":7,"minecraft:bone_meal":40,"minecraft:stone_sword":109,"minecraft:dried_kelp":18,"minecraft:cooked_chicken":1,"silentgear:chestplate":5,"minecraft:torch":19,"minecraft:dirt":620,"minecraft:iron_axe":251,"bettercopper:copper_boots":2,"silentgear:leggings":5,"minecraft:beef":1,"everythingcopper:copper_axe":352,"ironchest:gold_chest":2,"torchmaster:megatorch":1,"minecraft:cobbled_deepslate":11,"minecraft:wheat_seeds":1,"minecraft:cooked_mutton":5,"minecraft:water_bucket":12,"ironchest:wood_to_copper_chest_upgrade":1,"minecraft:crafting_table":4,"bettercopper:copper_shovel":253,"minecraft:campfire":3,"minecraft:white_bed":2,"everythingcopper:copper_chestplate":2,"minecraft:oak_log":19,"minecraft:wooden_hoe":31,"minecraft:apple":2,"minecraft:iron_pickaxe":368,"bettercopper:copper_leggings":2,"minecraft:stone_axe":49,"minecraft:cobblestone":7,"minecraft:white_banner":1,"minecraft:porkchop":9,"minecraft:bucket":13,"minecraft:dandelion":22}},"DataVersion":3337}