{"stats":{"minecraft:dropped":{"minecraft:oak_log":90,"minecraft:cobblestone":1,"minecraft:granite":29,"silentgear:sinew":4,"minecraft:dirt":1,"born_in_chaos_v1:gnawed_bones":1,"minecraft:gray_wool":1,"constructionwand:iron_wand":4,"minecraft:diorite":2,"born_in_chaos_v1:monster_skin":8,"minecraft:brown_wool":2,"minecraft:snowball":4,"minecraft:iron_axe":1,"mysticalagriculture:prosperity_shard":27,"minecraft:bucket":1,"minecraft:bone":6,"minecraft:smooth_basalt":1,"minecraft:gravel":2,"minecraft:stone_sword":1,"minecraft:birch_sapling":1,"minecraft:rotten_flesh":11,"minecraft:oak_planks":7,"minecraft:carrot":61,"aether:iron_gloves":1,"born_in_chaos_v1:spiny_shell":2,"minecraft:andesite":4,"born_in_chaos_v1:corpse_maggot":3},"minecraft:killed":{"born_in_chaos_v1:restless_spirit":2,"minecraft:spider":1,"minecraft:cod":8,"born_in_chaos_v1:thornshell_crab":1,"born_in_chaos_v1:zombie_bruiser":3,"born_in_chaos_v1:maggot":1,"minecraft:skeleton":2,"born_in_chaos_v1:dire_hound_leader":1,"minecraft:chicken":1,"born_in_chaos_v1:corpse_fish":6,"minecraft:pig":4,"minecraft:wandering_trader":1,"minecraft:creeper":1,"minecraft:sheep":3,"minecraft:pillager":3,"minecraft:trader_llama":2,"born_in_chaos_v1:bloody_gadfly":1,"born_in_chaos_v1:zombie_fisherman":1,"minecraft:zombie":10,"born_in_chaos_v1:dread_hound":10,"born_in_chaos_v1:corpse_fly":8,"born_in_chaos_v1:door_knight":1,"minecraft:cow":1},"minecraft:custom":{"minecraft:mob_kills":73,"minecraft:interact_with_crafting_table":85,"minecraft:interact_with_campfire":750,"minecraft:damage_dealt_resisted":1294,"minecraft:leave_game":7,"minecraft:time_since_death":269085,"minecraft:sprint_one_cm":640005,"minecraft:damage_blocked_by_shield":60,"minecraft:walk_one_cm":846616,"minecraft:drop":61,"minecraft:talked_to_villager":1,"minecraft:play_time":346977,"minecraft:sneak_time":13743,"minecraft:deaths":12,"minecraft:walk_under_water_one_cm":84723,"minecraft:jump":1606,"minecraft:walk_on_water_one_cm":62735,"minecraft:total_world_time":346977,"minecraft:interact_with_furnace":177,"minecraft:sleep_in_bed":10,"minecraft:time_since_rest":30958,"minecraft:waystone_activated":3,"minecraft:damage_taken":5742,"minecraft:damage_dealt":12946,"minecraft:use_wand":63,"minecraft:swim_one_cm":184072,"minecraft:fly_one_cm":187834,"minecraft:open_chest":204,"minecraft:crouch_one_cm":33124,"minecraft:fall_one_cm":23971},"minecraft:crafted":{"minecraft:oak_planks":44,"silentgear:chestplate":1,"bettercopper:copper_leggings":1,"max_armory:copper_sword":2,"minecraft:furnace":4,"bettercopper:copper_helmet":1,"silentgear:leggings":1,"minecraft:bone_meal":33,"minecraft:cooked_mutton":5,"minecraft:glass":64,"silentgear:boots":1,"minecraft:iron_boots":3,"minecraft:iron_axe":1,"minecraft:stone_pickaxe":1,"bettercopper:copper_pickaxe":1,"minecraft:chest":5,"bettercopper:copper_boots":1,"everythingcopper:copper_chestplate":1,"everythingcopper:copper_axe":2,"minecraft:dried_kelp_block":70,"ironchest:wood_to_copper_chest_upgrade":1,"minecraft:crafting_table":1,"minecraft:dried_kelp":223,"minecraft:wooden_pickaxe":1,"minecraft:iron_helmet":1,"constructionwand:iron_wand":1,"minecraft:iron_sword":1,"revampedwolf:iron_wolf_armor":1,"minecraft:copper_ingot":54,"ironchest:copper_chest":1,"minecraft:bucket":1,"minecraft:campfire":3,"minecraft:stone_axe":1,"minecraft:bread":1,"minecraft:air":0,"aether:iron_gloves":2,"ironchest:iron_to_gold_chest_upgrade":2,"minecraft:wooden_hoe":1,"minecraft:iron_chestplate":1,"minecraft:charcoal":4,"minecraft:shield":2,"minecraft:stick":24,"minecraft:iron_ingot":62,"minecraft:iron_pickaxe":2,"minecraft:stone_sword":1,"bettercopper:copper_shovel":1,"minecraft:iron_shovel":1,"minecraft:iron_leggings":1,"silentgear:helmet":1,"minecraft:white_bed":2,"minecraft:torch":4,"ironchest:iron_chest":2},"minecraft:killed_by":{"born_in_chaos_v1:corpse_fly":1,"mutantmonsters:mutant_creeper":1,"minecraft:skeleton":1,"minecraft:guardian":4,"minecraft:zombie":1,"born_in_chaos_v1:corpse_fish":1},"minecraft:picked_up":{"minecraft:crafting_table":4,"born_in_chaos_v1:smoked_monster_flesh":9,"minecraft:chicken":1,"minecraft:lead":1,"minecraft:chain":2,"mysticalagriculture:prosperity_seed_base":1,"minecraft:amethyst_block":36,"mysticalagriculture:stone_seeds":1,"minecraft:iron_axe":1,"silentgear:sinew":4,"minecraft:string":2,"minecraft:raw_copper":35,"minecraft:oak_sign":2,"mysticalagriculture:inferium_essence":19,"minecraft:cobbled_deepslate":3,"minecraft:bucket":1,"minecraft:beef":1,"minecraft:redstone_torch":3,"born_in_chaos_v1:gnawed_bones":1,"minecraft:sugar_cane":30,"minecraft:chest":3,"minecraft:birch_sapling":1,"minecraft:furnace":2,"minecraft:egg":1,"minecraft:stick":165,"minecraft:raw_iron":7,"minecraft:torch":15,"mysticalagriculture:prosperity_shard":28,"ironchest:iron_chest":2,"minecraft:porkchop":9,"minecraft:dried_kelp":672,"mysticalagriculture:inferium_seeds":1,"ironchest:gold_chest":2,"minecraft:diorite":2,"minecraft:carrot":369,"minecraft:redstone":30,"minecraft:stone_sword":1,"minecraft:arrow":2,"minecraft:rotten_flesh":31,"minecraft:cooked_cod":1,"born_in_chaos_v1:spiny_shell":2,"minecraft:mutton":14,"minecraft:cod":8,"minecraft:snowball":5,"minecraft:white_wool":7,"minecraft:cobblestone":330,"minecraft:birch_log":7,"born_in_chaos_v1:corpse_maggot":9,"born_in_chaos_v1:monster_flesh":10,"minecraft:iron_door":1,"minecraft:andesite":11,"minecraft:brown_wool":1,"minecraft:leather":2,"ironchest:copper_chest":1,"minecraft:flint":2,"minecraft:oak_log":653,"minecraft:white_banner":1,"minecraft:dirt":608,"constructionwand:iron_wand":4,"born_in_chaos_v1:monster_skin":16,"born_in_chaos_v1:marigolds":1,"minecraft:bone":2,"minecraft:apple":28,"minecraft:kelp":1008,"minecraft:wheat_seeds":3,"minecraft:raw_gold":2,"minecraft:iron_ingot":1,"minecraft:cooked_chicken":1,"minecraft:oak_planks":22,"minecraft:smooth_basalt":1,"born_in_chaos_v1:ethereal_spirit":2,"minecraft:gravel":2,"torchmaster:megatorch":1,"minecraft:sand":65,"minecraft:amethyst_shard":6,"born_in_chaos_v1:fangofthe_hound_leader":3,"minecraft:mossy_cobblestone":3,"immersiveengineering:seed":4,"waystones:waystone":1,"minecraft:granite":29,"minecraft:bone_meal":2,"minecraft:gray_wool":1,"minecraft:oak_sapling":233,"born_in_chaos_v1:rotten_fish":6,"minecraft:coal":38},"minecraft:mined":{"minecraft:large_amethyst_bud":2,"minecraft:oak_sapling":16,"minecraft:mossy_cobblestone":3,"minecraft:sea_lantern":2,"torchmaster:megatorch":2,"minecraft:granite":33,"minecraft:budding_amethyst":6,"minecraft:grass_block":285,"minecraft:kelp":34,"ironchest:copper_chest":1,"minecraft:spawner":1,"minecraft:tall_seagrass":3,"minecraft:carrots":105,"minecraft:furnace":2,"minecraft:iron_ore":11,"ironchest:gold_chest":2,"minecraft:andesite":13,"minecraft:oak_sign":2,"minecraft:small_amethyst_bud":1,"ironchest:iron_chest":2,"minecraft:stone":345,"minecraft:deepslate_redstone_ore":8,"born_in_chaos_v1:marigolds":1,"minecraft:kelp_plant":166,"minecraft:medium_amethyst_bud":2,"minecraft:amethyst_cluster":3,"minecraft:torch":8,"minecraft:crafting_table":3,"minecraft:chest":3,"minecraft:copper_ore":11,"minecraft:tall_grass":1,"minecraft:cobblestone":12,"minecraft:deepslate_gold_ore":2,"minecraft:sugar_cane":7,"endofherobrine:mossy_stone_bricks":1,"minecraft:diorite":1,"minecraft:iron_door":1,"minecraft:wall_torch":3,"minecraft:amethyst_block":37,"minecraft:seagrass":4,"minecraft:birch_log":7,"minecraft:grass":26,"minecraft:oak_log":480,"minecraft:coal_ore":38,"minecraft:gravel":3,"minecraft:sand":2,"minecraft:dirt":290,"mysticalagriculture:deepslate_prosperity_ore":13,"minecraft:smooth_basalt":1,"minecraft:oak_leaves":149,"minecraft:deepslate":3},"minecraft:broken":{"minecraft:iron_shovel":1,"max_armory:copper_sword":1,"minecraft:wooden_pickaxe":1,"minecraft:stone_pickaxe":1,"minecraft:iron_axe":1,"minecraft:iron_pickaxe":1,"everythingcopper:copper_axe":2,"bettercopper:copper_shovel":1},"minecraft:used":{"minecraft:stone_sword":109,"minecraft:iron_shovel":251,"minecraft:dried_kelp":18,"minecraft:oak_sign":2,"minecraft:shield":1,"minecraft:chest":7,"minecraft:iron_sword":40,"minecraft:cooked_chicken":1,"minecraft:rotten_flesh":2,"minecraft:torch":19,"minecraft:dirt":606,"constructionwand:iron_wand":10,"minecraft:mutton":9,"minecraft:carrot":186,"ironchest:iron_chest":4,"minecraft:snowball":1,"born_in_chaos_v1:corpse_maggot":6,"minecraft:iron_axe":251,"mysticalagriculture:inferium_essence":2,"bettercopper:copper_boots":2,"minecraft:beef":1,"minecraft:oak_sapling":134,"minecraft:furnace":6,"everythingcopper:copper_axe":352,"minecraft:cooked_cod":8,"ironchest:gold_chest":2,"torchmaster:megatorch":1,"minecraft:cobbled_deepslate":3,"minecraft:wheat_seeds":1,"minecraft:cooked_mutton":5,"minecraft:water_bucket":3,"minecraft:stone_pickaxe":131,"minecraft:wooden_pickaxe":39,"minecraft:sugar_cane":9,"ironchest:wood_to_copper_chest_upgrade":1,"minecraft:sand":1,"bettercopper:copper_pickaxe":162,"minecraft:crafting_table":4,"bettercopper:copper_shovel":253,"max_armory:copper_sword":392,"minecraft:white_bed":2,"minecraft:campfire":3,"minecraft:oak_log":19,"everythingcopper:copper_chestplate":2,"waystones:waystone":1,"minecraft:wooden_hoe":31,"minecraft:apple":2,"born_in_chaos_v1:monster_flesh":1,"minecraft:iron_pickaxe":259,"bettercopper:copper_leggings":2,"minecraft:bread":1,"ironchest:iron_to_gold_chest_upgrade":2,"born_in_chaos_v1:smoked_monster_flesh":9,"born_in_chaos_v1:marigolds":1,"minecraft:stone_axe":49,"born_in_chaos_v1:rotten_fish":4,"minecraft:cobblestone":3,"minecraft:white_banner":1,"minecraft:porkchop":9,"minecraft:andesite":7,"minecraft:bucket":3,"minecraft:bone_meal":35}},"DataVersion":3337}