{"stats":{"minecraft:mined":{"born_in_chaos_v1:marigolds":1,"minecraft:mossy_cobblestone":3,"minecraft:iron_ore":4,"minecraft:andesite":9,"minecraft:crafting_table":2,"minecraft:granite":28,"minecraft:grass":11,"minecraft:grass_block":2,"minecraft:oak_log":10,"minecraft:dirt":17,"minecraft:sand":2,"minecraft:copper_ore":11,"minecraft:tall_grass":1,"minecraft:cobblestone":9,"minecraft:stone":74,"minecraft:diorite":1,"minecraft:oak_leaves":1,"minecraft:spawner":1},"minecraft:crafted":{"minecraft:oak_planks":24,"minecraft:wooden_hoe":1,"minecraft:charcoal":4,"minecraft:crafting_table":1,"minecraft:stick":12,"minecraft:wooden_pickaxe":1,"minecraft:stone_pickaxe":1,"minecraft:stone_sword":1,"minecraft:furnace":1,"minecraft:stone_axe":1},"minecraft:dropped":{"minecraft:dirt":1,"silentgear:sinew":1},"minecraft:custom":{"minecraft:time_since_rest":15419,"minecraft:interact_with_furnace":5,"minecraft:sprint_one_cm":40622,"minecraft:damage_taken":555,"minecraft:walk_one_cm":57265,"minecraft:mob_kills":5,"minecraft:drop":2,"minecraft:damage_dealt":719,"minecraft:fly_one_cm":17795,"minecraft:swim_one_cm":11676,"minecraft:interact_with_crafting_table":4,"minecraft:crouch_one_cm":178,"minecraft:play_time":29014,"minecraft:deaths":1,"minecraft:sneak_time":114,"minecraft:walk_under_water_one_cm":2340,"minecraft:jump":210,"minecraft:walk_on_water_one_cm":2811,"minecraft:time_since_death":15388,"minecraft:total_world_time":29014,"minecraft:fall_one_cm":1941},"minecraft:broken":{"minecraft:stone_pickaxe":1,"minecraft:wooden_pickaxe":1},"minecraft:used":{"minecraft:wheat_seeds":1,"minecraft:wooden_hoe":6,"minecraft:stone_sword":8,"minecraft:stone_pickaxe":131,"mysticalagriculture:inferium_essence":2,"minecraft:wooden_pickaxe":39,"born_in_chaos_v1:marigolds":1,"minecraft:stone_axe":1,"minecraft:sand":1,"minecraft:crafting_table":2,"minecraft:furnace":1,"minecraft:porkchop":9,"minecraft:andesite":6},"minecraft:killed_by":{"minecraft:zombie":1},"minecraft:picked_up":{"minecraft:raw_iron":4,"minecraft:crafting_table":2,"minecraft:andesite":7,"minecraft:porkchop":9,"minecraft:sand":1,"minecraft:oak_log":10,"minecraft:diorite":1,"minecraft:dirt":18,"minecraft:mossy_cobblestone":3,"silentgear:sinew":2,"minecraft:string":2,"minecraft:raw_copper":35,"born_in_chaos_v1:marigolds":1,"minecraft:wheat_seeds":1,"mysticalagriculture:inferium_essence":2,"minecraft:granite":23,"minecraft:cobblestone":66},"minecraft:killed":{"minecraft:pig":4,"minecraft:spider":1}},"DataVersion":3337}