{"stats":{"minecraft:mined":{"born_in_chaos_v1:marigolds":1,"minecraft:mossy_cobblestone":3,"minecraft:kelp_plant":10,"minecraft:sea_lantern":2,"minecraft:crafting_table":3,"minecraft:torch":3,"minecraft:granite":33,"minecraft:grass_block":9,"minecraft:copper_ore":11,"minecraft:tall_grass":1,"minecraft:cobblestone":12,"minecraft:kelp":1,"minecraft:sugar_cane":7,"endofherobrine:mossy_stone_bricks":1,"minecraft:diorite":1,"minecraft:iron_door":1,"minecraft:wall_torch":3,"minecraft:spawner":1,"minecraft:furnace":2,"minecraft:iron_ore":8,"minecraft:andesite":13,"minecraft:grass":22,"minecraft:oak_log":39,"minecraft:coal_ore":35,"minecraft:gravel":3,"minecraft:sand":2,"minecraft:dirt":27,"minecraft:stone":106,"minecraft:oak_leaves":4},"minecraft:crafted":{"minecraft:oak_planks":24,"minecraft:crafting_table":1,"bettercopper:copper_leggings":1,"minecraft:wooden_pickaxe":1,"minecraft:furnace":1,"minecraft:copper_ingot":22,"minecraft:stone_axe":1,"minecraft:wooden_hoe":1,"minecraft:charcoal":4,"minecraft:stick":20,"minecraft:iron_ingot":4,"minecraft:stone_pickaxe":1,"minecraft:iron_pickaxe":1,"minecraft:stone_sword":1,"bettercopper:copper_boots":1,"everythingcopper:copper_chestplate":1,"minecraft:torch":4},"minecraft:custom":{"minecraft:interact_with_furnace":11,"minecraft:mob_kills":18,"minecraft:interact_with_crafting_table":8,"minecraft:damage_dealt_resisted":20,"minecraft:leave_game":1,"minecraft:time_since_death":15619,"minecraft:time_since_rest":15648,"minecraft:waystone_activated":1,"minecraft:sprint_one_cm":158117,"minecraft:damage_taken":3401,"minecraft:walk_one_cm":151076,"minecraft:drop":10,"minecraft:damage_dealt":3836,"minecraft:swim_one_cm":47793,"minecraft:talked_to_villager":1,"minecraft:fly_one_cm":67428,"minecraft:open_chest":1,"minecraft:play_time":76842,"minecraft:crouch_one_cm":571,"minecraft:deaths":11,"minecraft:sneak_time":1191,"minecraft:walk_under_water_one_cm":28060,"minecraft:jump":630,"minecraft:walk_on_water_one_cm":18130,"minecraft:total_world_time":76842,"minecraft:fall_one_cm":8019},"minecraft:dropped":{"minecraft:gravel":2,"minecraft:stone_sword":1,"minecraft:cobblestone":1,"minecraft:granite":29,"silentgear:sinew":1,"minecraft:dirt":1,"minecraft:diorite":2,"minecraft:andesite":4},"minecraft:broken":{"minecraft:stone_pickaxe":1,"minecraft:wooden_pickaxe":1},"minecraft:used":{"minecraft:wheat_seeds":1,"minecraft:stone_sword":104,"minecraft:stone_pickaxe":131,"minecraft:wooden_pickaxe":39,"minecraft:sugar_cane":9,"minecraft:rotten_flesh":1,"minecraft:torch":8,"minecraft:sand":1,"minecraft:dirt":27,"minecraft:mutton":9,"minecraft:crafting_table":2,"everythingcopper:copper_chestplate":1,"born_in_chaos_v1:corpse_maggot":1,"minecraft:wooden_hoe":6,"mysticalagriculture:inferium_essence":2,"minecraft:iron_pickaxe":90,"bettercopper:copper_boots":1,"bettercopper:copper_leggings":1,"born_in_chaos_v1:marigolds":1,"minecraft:stone_axe":33,"minecraft:cobblestone":3,"born_in_chaos_v1:rotten_fish":2,"minecraft:furnace":2,"minecraft:porkchop":9,"minecraft:andesite":7},"minecraft:killed_by":{"minecraft:skeleton":1,"minecraft:guardian":4,"minecraft:zombie":1,"born_in_chaos_v1:corpse_fish":1,"born_in_chaos_v1:corpse_fly":1,"mutantmonsters:mutant_creeper":1},"minecraft:picked_up":{"born_in_chaos_v1:corpse_maggot":1,"minecraft:crafting_table":3,"minecraft:andesite":11,"minecraft:brown_wool":1,"minecraft:leather":2,"minecraft:lead":1,"minecraft:flint":1,"minecraft:oak_log":39,"minecraft:dirt":37,"silentgear:sinew":3,"minecraft:string":2,"minecraft:raw_copper":35,"born_in_chaos_v1:marigolds":1,"minecraft:kelp":18,"minecraft:wheat_seeds":2,"mysticalagriculture:inferium_essence":7,"minecraft:sugar_cane":19,"minecraft:oak_planks":11,"minecraft:furnace":2,"minecraft:stick":15,"minecraft:raw_iron":4,"minecraft:torch":6,"minecraft:gravel":2,"minecraft:porkchop":9,"minecraft:sand":1,"minecraft:diorite":2,"minecraft:mossy_cobblestone":3,"minecraft:stone_sword":1,"minecraft:rotten_flesh":3,"minecraft:granite":29,"born_in_chaos_v1:spiny_shell":2,"born_in_chaos_v1:rotten_fish":2,"minecraft:oak_sapling":2,"minecraft:mutton":9,"minecraft:coal":36,"minecraft:white_wool":5,"minecraft:cobblestone":96},"minecraft:killed":{"minecraft:pig":4,"minecraft:spider":1,"minecraft:wandering_trader":1,"born_in_chaos_v1:thornshell_crab":1,"born_in_chaos_v1:zombie_bruiser":1,"minecraft:sheep":1,"minecraft:trader_llama":2,"born_in_chaos_v1:bloody_gadfly":1,"born_in_chaos_v1:zombie_fisherman":1,"minecraft:zombie":4,"born_in_chaos_v1:corpse_fish":1}},"DataVersion":3337}