{"stats":{"minecraft:mined":{"born_in_chaos_v1:marigolds":1,"minecraft:mossy_cobblestone":3,"minecraft:kelp_plant":10,"minecraft:sea_lantern":2,"minecraft:crafting_table":3,"minecraft:torch":2,"minecraft:granite":33,"minecraft:grass_block":9,"minecraft:tall_grass":1,"minecraft:copper_ore":11,"minecraft:cobblestone":12,"endofherobrine:mossy_stone_bricks":1,"minecraft:sugar_cane":7,"minecraft:kelp":1,"minecraft:diorite":1,"minecraft:iron_door":1,"minecraft:wall_torch":1,"minecraft:spawner":1,"minecraft:furnace":2,"minecraft:iron_ore":8,"minecraft:andesite":13,"minecraft:grass":21,"minecraft:coal_ore":2,"minecraft:oak_log":21,"minecraft:gravel":3,"minecraft:sand":2,"minecraft:dirt":25,"minecraft:stone":95,"minecraft:oak_leaves":1},"minecraft:crafted":{"minecraft:oak_planks":24,"minecraft:crafting_table":1,"minecraft:wooden_pickaxe":1,"bettercopper:copper_leggings":1,"minecraft:furnace":1,"minecraft:copper_ingot":22,"minecraft:stone_axe":1,"minecraft:wooden_hoe":1,"minecraft:charcoal":4,"minecraft:stick":20,"minecraft:iron_ingot":4,"minecraft:stone_pickaxe":1,"minecraft:iron_pickaxe":1,"minecraft:stone_sword":1,"bettercopper:copper_boots":1,"everythingcopper:copper_chestplate":1,"minecraft:torch":4},"minecraft:custom":{"minecraft:interact_with_furnace":11,"minecraft:mob_kills":16,"minecraft:interact_with_crafting_table":8,"minecraft:damage_dealt_resisted":20,"minecraft:time_since_death":3791,"minecraft:time_since_rest":3820,"minecraft:waystone_activated":1,"minecraft:sprint_one_cm":143370,"minecraft:damage_taken":3401,"minecraft:walk_one_cm":128949,"minecraft:drop":9,"minecraft:damage_dealt":3556,"minecraft:talked_to_villager":1,"minecraft:swim_one_cm":47793,"minecraft:fly_one_cm":65678,"minecraft:open_chest":1,"minecraft:crouch_one_cm":453,"minecraft:deaths":11,"minecraft:play_time":65014,"minecraft:sneak_time":1074,"minecraft:walk_under_water_one_cm":27564,"minecraft:jump":556,"minecraft:walk_on_water_one_cm":15302,"minecraft:total_world_time":65014,"minecraft:fall_one_cm":8019},"minecraft:dropped":{"minecraft:gravel":2,"minecraft:stone_sword":1,"minecraft:granite":29,"silentgear:sinew":1,"minecraft:dirt":1,"minecraft:diorite":2,"minecraft:andesite":4},"minecraft:broken":{"minecraft:stone_pickaxe":1,"minecraft:wooden_pickaxe":1},"minecraft:used":{"minecraft:wheat_seeds":1,"minecraft:stone_sword":96,"minecraft:stone_pickaxe":131,"minecraft:wooden_pickaxe":39,"minecraft:sugar_cane":9,"minecraft:rotten_flesh":1,"minecraft:torch":5,"minecraft:dirt":12,"minecraft:sand":1,"minecraft:crafting_table":2,"everythingcopper:copper_chestplate":1,"minecraft:wooden_hoe":6,"bettercopper:copper_boots":1,"mysticalagriculture:inferium_essence":2,"minecraft:iron_pickaxe":46,"bettercopper:copper_leggings":1,"born_in_chaos_v1:marigolds":1,"minecraft:stone_axe":14,"minecraft:cobblestone":3,"born_in_chaos_v1:rotten_fish":2,"minecraft:furnace":2,"minecraft:porkchop":9,"minecraft:andesite":7},"minecraft:killed_by":{"minecraft:skeleton":1,"minecraft:guardian":4,"minecraft:zombie":1,"born_in_chaos_v1:corpse_fish":1,"born_in_chaos_v1:corpse_fly":1,"mutantmonsters:mutant_creeper":1},"minecraft:picked_up":{"minecraft:crafting_table":3,"minecraft:andesite":11,"minecraft:leather":2,"minecraft:lead":1,"minecraft:flint":1,"minecraft:oak_log":21,"minecraft:string":2,"silentgear:sinew":2,"minecraft:dirt":35,"minecraft:raw_copper":35,"born_in_chaos_v1:marigolds":1,"minecraft:kelp":18,"minecraft:wheat_seeds":2,"mysticalagriculture:inferium_essence":5,"minecraft:sugar_cane":19,"minecraft:oak_planks":11,"minecraft:furnace":2,"minecraft:stick":8,"minecraft:raw_iron":4,"minecraft:torch":3,"minecraft:sand":1,"minecraft:gravel":2,"minecraft:porkchop":9,"minecraft:diorite":2,"minecraft:mossy_cobblestone":3,"minecraft:stone_sword":1,"minecraft:rotten_flesh":3,"minecraft:granite":29,"born_in_chaos_v1:spiny_shell":2,"minecraft:oak_sapling":2,"born_in_chaos_v1:rotten_fish":2,"minecraft:coal":3,"minecraft:cobblestone":84},"minecraft:killed":{"minecraft:pig":4,"minecraft:spider":1,"minecraft:wandering_trader":1,"born_in_chaos_v1:thornshell_crab":1,"born_in_chaos_v1:zombie_bruiser":1,"minecraft:trader_llama":2,"born_in_chaos_v1:zombie_fisherman":1,"minecraft:zombie":4,"born_in_chaos_v1:corpse_fish":1}},"DataVersion":3337}