{"stats":{"minecraft:used":{"zombie_extreme:infected_military_spawn_egg":295,"tac:workbench":2,"apocalypsenow:runner_44_spawn_egg":365,"minecraft:zombie_villager_spawn_egg":32,"minecraft:wooden_pickaxe":3,"minecraft:ender_chest":4,"farmersdelight:melon_juice":6,"simpleplanes:helicopter":1,"alexsmobs:spawn_egg_catfish":9,"zombie_extreme:infected_juggernaut_spawn_egg":193,"zombie_extreme:juggernaut_suit_leggings":1,"zombie_extreme:juggernaut_suit_helmet":1,"create_sa:experience_pickaxe":193,"apocalypsenow:cannibal_spawn_egg":239,"alexsmobs:spawn_egg_devils_hole_pupfish":5,"farmersdelight:noodle_soup":1,"zombie_extreme:divided_spawn_egg":77,"create:large_water_wheel":3,"zombie_extreme:juggernaut_suit_boots":1,"simpleplanes:large_plane":2,"minecraft:potion":2,"alexsmobs:spawn_egg_giant_squid":4,"zombie_extreme:inflated_spawn_egg":67,"minecraft:trapped_chest":1,"cgm:mini_gun":47,"apocalypsenow:crawler_4_spawn_egg":16,"zombie_extreme:juggernaut_suit_chestplate":1},"minecraft:picked_up":{"apocalypsenow:blue_football_armor_leggings":1,"tac:round45":37,"simpleplanes:helicopter":1,"apocalypsenow:bloodybandages":2,"minecraft:enchanted_book":18,"contenttweaker:rubber":1,"minecraft:gunpowder":2,"tac:old_8x_scope":1,"minecraft:string":96,"tac:lapua338":211,"minecraft:bone":94,"apocalypsenow:human_flesh":15,"tac:nato_556_bullet":5,"minecraft:iron_ingot":1,"tac:9mm_round":67,"tac:ae50":5,"contenttweaker:resistant_fabric":4,"tac:b_magnum":2,"apocalypsenow:fire_figther_leggings":3,"minecraft:trapped_chest":1,"tac:mrad":1,"minecraft:rotten_flesh":219,"simpleplanes:large_plane":2,"apocalypsenow:black_bikers_helmet":1,"tac:ai_awp":1,"apocalypsenow:bikers_helmet":1,"tac:762x39":4,"farmersdelight:melon_juice":80,"minecraft:snowball":1,"minecraft:nether_star":1},"minecraft:mined":{"minecraft:podzol":24,"minecraft:mossy_cobblestone":18,"minecraft:dark_oak_log":1,"minecraft:jungle_leaves":1,"immersiveengineering:concrete_quarter":3,"minecraft:grass_block":72,"quark:framed_glass_pane":1,"minecraft:mushroom_stem":6,"minecraft:spruce_leaves":3,"minecraft:moss_block":20,"immersiveengineering:concrete":4,"minecraft:smooth_stone":1,"immersivepetroleum:asphalt":10,"minecraft:grass":7,"minecraft:smooth_stone_slab":16,"embellishcraft:smooth_marble":1,"minecraft:oak_log":1,"minecraft:coal_ore":12,"minecraft:dirt":5,"minecraft:bamboo":1,"biomesoplenty:barley":3,"minecraft:stone":24,"minecraft:stone_bricks":12,"minecraft:oak_leaves":5,"minecraft:mossy_stone_bricks":12},"minecraft:custom":{"minecraft:mob_kills":532,"minecraft:interact_with_anvil":5,"minecraft:damage_dealt_resisted":844,"minecraft:leave_game":1,"minecraft:time_since_death":133807,"minecraft:climb_one_cm":503,"minecraft:time_since_rest":133890,"minecraft:sprint_one_cm":190939,"minecraft:open_enderchest":8,"minecraft:damage_taken":2280,"minecraft:walk_one_cm":420611,"minecraft:trigger_trapped_chest":6,"minecraft:drop":43,"minecraft:damage_dealt_absorbed":40,"minecraft:swim_one_cm":6787,"minecraft:fly_one_cm":463346,"minecraft:player_kills":1,"minecraft:open_chest":1,"minecraft:crouch_one_cm":2346,"minecraft:play_time":207241,"minecraft:deaths":2,"minecraft:sneak_time":1214,"minecraft:walk_under_water_one_cm":13052,"minecraft:jump":348,"minecraft:walk_on_water_one_cm":6657,"minecraft:total_world_time":207241,"minecraft:fall_one_cm":6885},"minecraft:killed":{"zombie_extreme:inflated":10,"zombie_extreme:crawler":3,"minecraft:husk":78,"zombie_extreme:infected_military":1,"minecraft:zombie_villager":54,"alexsmobs:tiger":1,"undead_revamp2:the_moonflower":8,"zombie_extreme:infected_juggernaut":3,"undead_revamp2:thesmoker":25,"alexsmobs:seagull":1,"undead_revamp2:bomber":1,"zombie_extreme:demolisher":1,"minecraft:wither":1,"zombie_extreme:divided":5,"apocalypsenow:cannibal":11,"minecraft:zombie":135,"alexsmobs:terrapin":1,"apocalypsenow:runner_44":61,"zombie_extreme:infected_police":1,"zombie_extreme:devastated":2,"minecraft:drowned":1,"zombiemobs:zombie_bear":1,"zombie_extreme:runner":7},"minecraft:killed_by":{"minecraft:player":2},"minecraft:dropped":{"apocalypsenow:human_flesh":1,"minecraft:iron_ingot":1,"farmersdelight:noodle_soup":15,"tac:bullet68":60,"contenttweaker:rubber":1,"tac:bullet_308":60,"tac:8x_scope":1,"tac:round45":86,"tac:762x54":60,"minecraft:rotten_flesh":2,"tac:ai_awp":1,"apocalypsenow:medicalkit":16,"tac:old_8x_scope":2,"tac:b_magnum":60,"tac:lapua338":212,"tac:nato_556_bullet":60,"contenttweaker:resistant_fabric":2,"tac:58x42":61,"tac:57x28":120,"minecraft:snowball":1,"minecraft:potion":63,"tac:10_gauge_round":36,"apocalypsenow:radio":1,"apocalypsenow:russian_army_chestplate":1,"tac:9mm_round":25,"minecraft:string":12,"tac:50bmg":30,"quark:ancient_tome":1,"tac:mrad":1,"minecraft:bone":2}},"DataVersion":2975}