{"stats":{"minecraft:mined":{"born_in_chaos_v1:marigolds":1,"minecraft:mossy_cobblestone":3,"minecraft:kelp_plant":10,"minecraft:sea_lantern":2,"minecraft:crafting_table":3,"minecraft:torch":6,"minecraft:granite":33,"minecraft:grass_block":10,"minecraft:copper_ore":11,"minecraft:tall_grass":1,"minecraft:cobblestone":12,"minecraft:kelp":1,"minecraft:sugar_cane":7,"endofherobrine:mossy_stone_bricks":1,"minecraft:diorite":1,"minecraft:iron_door":1,"minecraft:wall_torch":3,"minecraft:spawner":1,"minecraft:furnace":2,"minecraft:birch_log":7,"minecraft:iron_ore":8,"minecraft:andesite":13,"minecraft:grass":22,"minecraft:oak_log":43,"minecraft:coal_ore":35,"minecraft:gravel":3,"minecraft:sand":2,"minecraft:dirt":27,"minecraft:stone":106,"minecraft:oak_leaves":7},"minecraft:crafted":{"minecraft:oak_planks":24,"minecraft:crafting_table":1,"bettercopper:copper_leggings":1,"minecraft:wooden_pickaxe":1,"minecraft:furnace":1,"minecraft:copper_ingot":22,"minecraft:stone_axe":1,"minecraft:wooden_hoe":1,"minecraft:charcoal":4,"minecraft:stick":20,"minecraft:iron_ingot":4,"minecraft:stone_pickaxe":1,"minecraft:iron_pickaxe":1,"minecraft:stone_sword":1,"bettercopper:copper_boots":1,"everythingcopper:copper_chestplate":1,"minecraft:white_bed":2,"minecraft:torch":4},"minecraft:custom":{"minecraft:interact_with_furnace":14,"minecraft:mob_kills":21,"minecraft:interact_with_crafting_table":11,"minecraft:damage_dealt_resisted":20,"minecraft:leave_game":1,"minecraft:time_since_death":10950,"minecraft:sleep_in_bed":1,"minecraft:time_since_rest":5273,"minecraft:waystone_activated":2,"minecraft:sprint_one_cm":179439,"minecraft:damage_taken":3661,"minecraft:walk_one_cm":180559,"minecraft:drop":11,"minecraft:damage_dealt":4071,"minecraft:swim_one_cm":47922,"minecraft:talked_to_villager":1,"minecraft:fly_one_cm":70103,"minecraft:open_chest":1,"minecraft:play_time":88842,"minecraft:crouch_one_cm":1867,"minecraft:deaths":12,"minecraft:sneak_time":1638,"minecraft:walk_under_water_one_cm":31930,"minecraft:jump":707,"minecraft:walk_on_water_one_cm":21081,"minecraft:total_world_time":88842,"minecraft:fall_one_cm":11848},"minecraft:dropped":{"minecraft:gravel":2,"minecraft:stone_sword":1,"minecraft:birch_sapling":1,"minecraft:cobblestone":1,"minecraft:granite":29,"silentgear:sinew":1,"minecraft:dirt":1,"minecraft:diorite":2,"minecraft:andesite":4},"minecraft:broken":{"minecraft:stone_pickaxe":1,"minecraft:wooden_pickaxe":1},"minecraft:used":{"minecraft:wheat_seeds":1,"minecraft:stone_sword":109,"minecraft:stone_pickaxe":131,"minecraft:wooden_pickaxe":39,"minecraft:sugar_cane":9,"minecraft:rotten_flesh":1,"minecraft:torch":11,"minecraft:sand":1,"minecraft:dirt":38,"minecraft:mutton":9,"minecraft:crafting_table":4,"minecraft:white_bed":2,"minecraft:snowball":1,"everythingcopper:copper_chestplate":2,"born_in_chaos_v1:corpse_maggot":1,"minecraft:wooden_hoe":6,"mysticalagriculture:inferium_essence":2,"minecraft:iron_pickaxe":90,"bettercopper:copper_boots":2,"bettercopper:copper_leggings":2,"born_in_chaos_v1:marigolds":1,"minecraft:stone_axe":47,"minecraft:cobblestone":3,"born_in_chaos_v1:rotten_fish":2,"minecraft:furnace":3,"minecraft:porkchop":9,"minecraft:andesite":7},"minecraft:killed_by":{"minecraft:skeleton":1,"minecraft:guardian":4,"minecraft:zombie":1,"born_in_chaos_v1:corpse_fish":1,"born_in_chaos_v1:corpse_fly":1,"mutantmonsters:mutant_creeper":1},"minecraft:picked_up":{"minecraft:birch_log":7,"born_in_chaos_v1:corpse_maggot":1,"minecraft:crafting_table":3,"minecraft:andesite":11,"minecraft:brown_wool":1,"minecraft:leather":2,"minecraft:lead":1,"minecraft:flint":1,"minecraft:oak_log":43,"minecraft:dirt":40,"silentgear:sinew":4,"minecraft:string":2,"minecraft:raw_copper":35,"born_in_chaos_v1:marigolds":1,"minecraft:kelp":18,"minecraft:wheat_seeds":2,"mysticalagriculture:inferium_essence":7,"minecraft:sugar_cane":19,"minecraft:birch_sapling":1,"minecraft:oak_planks":11,"minecraft:furnace":2,"minecraft:stick":15,"minecraft:raw_iron":4,"minecraft:torch":9,"minecraft:gravel":2,"minecraft:porkchop":9,"minecraft:sand":1,"minecraft:diorite":2,"minecraft:mossy_cobblestone":3,"minecraft:stone_sword":1,"minecraft:rotten_flesh":3,"minecraft:granite":29,"minecraft:gray_wool":1,"born_in_chaos_v1:spiny_shell":2,"born_in_chaos_v1:rotten_fish":2,"minecraft:oak_sapling":2,"minecraft:mutton":14,"minecraft:coal":36,"minecraft:snowball":1,"minecraft:white_wool":7,"minecraft:cobblestone":96},"minecraft:killed":{"minecraft:pig":4,"minecraft:spider":1,"minecraft:wandering_trader":1,"born_in_chaos_v1:thornshell_crab":1,"born_in_chaos_v1:zombie_bruiser":1,"minecraft:sheep":3,"minecraft:trader_llama":2,"born_in_chaos_v1:bloody_gadfly":1,"born_in_chaos_v1:zombie_fisherman":1,"minecraft:zombie":4,"born_in_chaos_v1:corpse_fish":1}},"DataVersion":3337}