{"stats":{"minecraft:mined":{"minecraft:oak_sapling":1,"minecraft:mossy_cobblestone":3,"minecraft:sea_lantern":2,"torchmaster:megatorch":1,"minecraft:granite":33,"minecraft:grass_block":283,"minecraft:kelp":20,"minecraft:spawner":1,"minecraft:tall_seagrass":3,"minecraft:furnace":2,"minecraft:iron_ore":11,"minecraft:andesite":13,"minecraft:oak_sign":1,"minecraft:stone":260,"born_in_chaos_v1:marigolds":1,"minecraft:kelp_plant":74,"minecraft:crafting_table":3,"minecraft:torch":6,"minecraft:tall_grass":1,"minecraft:copper_ore":11,"minecraft:cobblestone":12,"minecraft:sugar_cane":7,"endofherobrine:mossy_stone_bricks":1,"minecraft:diorite":1,"minecraft:iron_door":1,"minecraft:wall_torch":3,"minecraft:seagrass":4,"minecraft:birch_log":7,"minecraft:grass":26,"minecraft:coal_ore":36,"minecraft:oak_log":66,"minecraft:gravel":3,"minecraft:sand":2,"minecraft:dirt":269,"minecraft:oak_leaves":14},"minecraft:dropped":{"minecraft:cobblestone":1,"minecraft:granite":29,"silentgear:sinew":1,"minecraft:dirt":1,"constructionwand:iron_wand":1,"minecraft:diorite":2,"minecraft:snowball":4,"minecraft:gravel":2,"minecraft:stone_sword":1,"minecraft:birch_sapling":1,"minecraft:andesite":4,"born_in_chaos_v1:corpse_maggot":3},"minecraft:broken":{"minecraft:iron_shovel":1,"minecraft:wooden_pickaxe":1,"minecraft:stone_pickaxe":1,"minecraft:iron_pickaxe":1,"bettercopper:copper_shovel":1},"minecraft:custom":{"minecraft:mob_kills":35,"minecraft:interact_with_crafting_table":48,"minecraft:interact_with_campfire":226,"minecraft:damage_dealt_resisted":20,"minecraft:leave_game":1,"minecraft:time_since_death":76950,"minecraft:sprint_one_cm":291483,"minecraft:walk_one_cm":357742,"minecraft:drop":19,"minecraft:talked_to_villager":1,"minecraft:play_time":154842,"minecraft:deaths":12,"minecraft:sneak_time":9198,"minecraft:walk_under_water_one_cm":55831,"minecraft:jump":956,"minecraft:walk_on_water_one_cm":41905,"minecraft:total_world_time":154842,"minecraft:interact_with_furnace":123,"minecraft:sleep_in_bed":7,"minecraft:waystone_activated":3,"minecraft:time_since_rest":13570,"minecraft:damage_taken":4168,"minecraft:damage_dealt":5126,"minecraft:swim_one_cm":112112,"minecraft:fly_one_cm":100726,"minecraft:open_chest":23,"minecraft:crouch_one_cm":24300,"minecraft:fall_one_cm":12686},"minecraft:crafted":{"minecraft:oak_planks":44,"bettercopper:copper_leggings":1,"max_armory:copper_sword":1,"minecraft:furnace":4,"bettercopper:copper_helmet":1,"minecraft:cooked_mutton":5,"minecraft:stone_pickaxe":1,"bettercopper:copper_pickaxe":1,"minecraft:chest":2,"everythingcopper:copper_chestplate":1,"bettercopper:copper_boots":1,"everythingcopper:copper_axe":1,"minecraft:dried_kelp_block":51,"minecraft:crafting_table":1,"minecraft:dried_kelp":223,"minecraft:wooden_pickaxe":1,"minecraft:copper_ingot":35,"minecraft:campfire":3,"minecraft:stone_axe":1,"minecraft:bread":1,"minecraft:air":0,"minecraft:wooden_hoe":1,"minecraft:charcoal":4,"minecraft:stick":24,"minecraft:iron_ingot":4,"minecraft:iron_pickaxe":1,"minecraft:stone_sword":1,"bettercopper:copper_shovel":1,"minecraft:iron_shovel":1,"minecraft:white_bed":2,"minecraft:torch":4},"minecraft:used":{"minecraft:stone_sword":109,"minecraft:iron_shovel":251,"minecraft:dried_kelp":3,"minecraft:oak_sign":1,"minecraft:chest":2,"minecraft:rotten_flesh":1,"minecraft:torch":13,"minecraft:dirt":395,"minecraft:mutton":9,"minecraft:snowball":1,"born_in_chaos_v1:corpse_maggot":1,"mysticalagriculture:inferium_essence":2,"bettercopper:copper_boots":2,"everythingcopper:copper_axe":27,"minecraft:oak_sapling":15,"minecraft:furnace":6,"minecraft:cooked_cod":4,"minecraft:wheat_seeds":1,"minecraft:cooked_mutton":5,"minecraft:stone_pickaxe":131,"minecraft:wooden_pickaxe":39,"minecraft:sugar_cane":9,"minecraft:sand":1,"bettercopper:copper_pickaxe":1,"minecraft:crafting_table":4,"bettercopper:copper_shovel":253,"max_armory:copper_sword":139,"minecraft:campfire":3,"minecraft:white_bed":2,"everythingcopper:copper_chestplate":2,"waystones:waystone":1,"minecraft:wooden_hoe":7,"minecraft:bread":1,"minecraft:iron_pickaxe":250,"bettercopper:copper_leggings":2,"born_in_chaos_v1:marigolds":1,"minecraft:stone_axe":47,"minecraft:cobblestone":3,"born_in_chaos_v1:rotten_fish":4,"minecraft:porkchop":9,"minecraft:andesite":7,"minecraft:bone_meal":2},"minecraft:killed_by":{"born_in_chaos_v1:corpse_fly":1,"mutantmonsters:mutant_creeper":1,"minecraft:skeleton":1,"minecraft:guardian":4,"minecraft:zombie":1,"born_in_chaos_v1:corpse_fish":1},"minecraft:picked_up":{"minecraft:crafting_table":3,"minecraft:chicken":1,"minecraft:lead":1,"silentgear:sinew":4,"minecraft:string":2,"minecraft:raw_copper":35,"minecraft:oak_sign":1,"mysticalagriculture:inferium_essence":7,"minecraft:sugar_cane":19,"minecraft:birch_sapling":1,"minecraft:furnace":2,"minecraft:stick":16,"minecraft:raw_iron":7,"minecraft:torch":9,"minecraft:porkchop":9,"minecraft:dried_kelp":232,"minecraft:diorite":2,"minecraft:stone_sword":1,"minecraft:rotten_flesh":3,"born_in_chaos_v1:spiny_shell":2,"minecraft:mutton":14,"minecraft:cod":7,"minecraft:snowball":5,"minecraft:white_wool":7,"minecraft:cobblestone":249,"minecraft:birch_log":7,"born_in_chaos_v1:corpse_maggot":4,"minecraft:andesite":11,"minecraft:leather":2,"minecraft:brown_wool":1,"minecraft:flint":1,"minecraft:oak_log":66,"minecraft:dirt":569,"constructionwand:iron_wand":1,"born_in_chaos_v1:marigolds":1,"minecraft:apple":3,"minecraft:kelp":495,"minecraft:wheat_seeds":3,"minecraft:oak_planks":11,"torchmaster:megatorch":1,"minecraft:gravel":2,"minecraft:sand":1,"minecraft:mossy_cobblestone":3,"immersiveengineering:seed":1,"waystones:waystone":1,"minecraft:granite":29,"minecraft:bone_meal":2,"minecraft:gray_wool":1,"minecraft:oak_sapling":17,"born_in_chaos_v1:rotten_fish":4,"minecraft:coal":36},"minecraft:killed":{"minecraft:spider":1,"minecraft:cod":7,"born_in_chaos_v1:thornshell_crab":1,"born_in_chaos_v1:zombie_bruiser":1,"minecraft:chicken":1,"born_in_chaos_v1:corpse_fish":4,"minecraft:pig":4,"minecraft:wandering_trader":1,"minecraft:sheep":3,"minecraft:trader_llama":2,"born_in_chaos_v1:bloody_gadfly":1,"born_in_chaos_v1:zombie_fisherman":1,"minecraft:zombie":4,"born_in_chaos_v1:corpse_fly":2}},"DataVersion":3337}