{"stats":{"minecraft:mined":{"born_in_chaos_v1:marigolds":1,"minecraft:mossy_cobblestone":3,"minecraft:kelp_plant":4,"minecraft:crafting_table":3,"minecraft:torch":2,"minecraft:granite":33,"minecraft:grass_block":6,"minecraft:tall_grass":1,"minecraft:copper_ore":11,"minecraft:cobblestone":9,"minecraft:kelp":1,"minecraft:diorite":1,"minecraft:wall_torch":1,"minecraft:spawner":1,"minecraft:furnace":1,"minecraft:iron_ore":8,"minecraft:andesite":13,"minecraft:grass":16,"minecraft:oak_log":10,"minecraft:gravel":3,"minecraft:sand":2,"minecraft:dirt":18,"minecraft:stone":95,"minecraft:oak_leaves":1},"minecraft:dropped":{"silentgear:sinew":1,"minecraft:dirt":1},"minecraft:crafted":{"minecraft:oak_planks":24,"minecraft:crafting_table":1,"minecraft:wooden_pickaxe":1,"bettercopper:copper_leggings":1,"minecraft:furnace":1,"minecraft:copper_ingot":22,"minecraft:stone_axe":1,"minecraft:wooden_hoe":1,"minecraft:charcoal":4,"minecraft:stick":20,"minecraft:iron_ingot":4,"minecraft:stone_pickaxe":1,"minecraft:iron_pickaxe":1,"minecraft:stone_sword":1,"bettercopper:copper_boots":1,"everythingcopper:copper_chestplate":1,"minecraft:torch":4},"minecraft:custom":{"minecraft:interact_with_furnace":9,"minecraft:mob_kills":8,"minecraft:interact_with_crafting_table":8,"minecraft:damage_dealt_resisted":20,"minecraft:time_since_death":1198,"minecraft:time_since_rest":1271,"minecraft:sprint_one_cm":42931,"minecraft:damage_taken":692,"minecraft:walk_one_cm":79954,"minecraft:drop":2,"minecraft:damage_dealt":1489,"minecraft:swim_one_cm":33969,"minecraft:fly_one_cm":18657,"minecraft:open_chest":1,"minecraft:crouch_one_cm":275,"minecraft:deaths":2,"minecraft:play_time":41014,"minecraft:sneak_time":210,"minecraft:walk_under_water_one_cm":6953,"minecraft:jump":291,"minecraft:walk_on_water_one_cm":6654,"minecraft:total_world_time":41014,"minecraft:fall_one_cm":1941},"minecraft:broken":{"minecraft:stone_pickaxe":1,"minecraft:wooden_pickaxe":1},"minecraft:used":{"minecraft:wheat_seeds":1,"minecraft:stone_sword":37,"minecraft:stone_pickaxe":131,"minecraft:wooden_pickaxe":39,"minecraft:rotten_flesh":1,"minecraft:torch":4,"minecraft:sand":1,"minecraft:crafting_table":2,"minecraft:wooden_hoe":6,"mysticalagriculture:inferium_essence":2,"minecraft:iron_pickaxe":35,"born_in_chaos_v1:marigolds":1,"minecraft:stone_axe":2,"minecraft:furnace":1,"minecraft:porkchop":9,"minecraft:andesite":7},"minecraft:killed_by":{"minecraft:zombie":1,"born_in_chaos_v1:corpse_fish":1},"minecraft:picked_up":{"minecraft:crafting_table":3,"minecraft:andesite":9,"minecraft:flint":1,"minecraft:oak_log":10,"minecraft:string":2,"silentgear:sinew":2,"minecraft:dirt":25,"minecraft:raw_copper":35,"born_in_chaos_v1:marigolds":1,"minecraft:kelp":6,"minecraft:wheat_seeds":1,"mysticalagriculture:inferium_essence":2,"minecraft:oak_planks":11,"minecraft:furnace":1,"minecraft:stick":8,"minecraft:raw_iron":4,"minecraft:torch":3,"minecraft:sand":1,"minecraft:gravel":2,"minecraft:porkchop":9,"minecraft:diorite":1,"minecraft:mossy_cobblestone":3,"minecraft:rotten_flesh":1,"minecraft:granite":29,"minecraft:cobblestone":81},"minecraft:killed":{"minecraft:pig":4,"minecraft:spider":1,"minecraft:zombie":4}},"DataVersion":3337}