{"stats":{"minecraft:mined":{"minecraft:mossy_cobblestone":3,"minecraft:sea_lantern":2,"minecraft:granite":33,"minecraft:grass_block":127,"minecraft:kelp":20,"minecraft:spawner":1,"minecraft:tall_seagrass":3,"minecraft:furnace":2,"minecraft:iron_ore":10,"minecraft:andesite":13,"minecraft:stone":260,"born_in_chaos_v1:marigolds":1,"minecraft:kelp_plant":74,"minecraft:crafting_table":3,"minecraft:torch":6,"minecraft:tall_grass":1,"minecraft:copper_ore":11,"minecraft:cobblestone":12,"minecraft:sugar_cane":7,"endofherobrine:mossy_stone_bricks":1,"minecraft:diorite":1,"minecraft:iron_door":1,"minecraft:wall_torch":3,"minecraft:seagrass":4,"minecraft:birch_log":7,"minecraft:grass":23,"minecraft:coal_ore":36,"minecraft:oak_log":43,"minecraft:gravel":3,"minecraft:sand":2,"minecraft:dirt":176,"minecraft:oak_leaves":9},"minecraft:dropped":{"minecraft:cobblestone":1,"minecraft:granite":29,"silentgear:sinew":1,"minecraft:dirt":1,"minecraft:diorite":2,"minecraft:snowball":4,"minecraft:gravel":2,"minecraft:stone_sword":1,"minecraft:birch_sapling":1,"minecraft:andesite":4},"minecraft:broken":{"minecraft:iron_shovel":1,"minecraft:wooden_pickaxe":1,"minecraft:stone_pickaxe":1,"minecraft:iron_pickaxe":1},"minecraft:custom":{"minecraft:mob_kills":31,"minecraft:interact_with_crafting_table":37,"minecraft:interact_with_campfire":94,"minecraft:damage_dealt_resisted":20,"minecraft:leave_game":1,"minecraft:time_since_death":52950,"minecraft:sprint_one_cm":240391,"minecraft:walk_one_cm":266595,"minecraft:drop":15,"minecraft:talked_to_villager":1,"minecraft:play_time":130842,"minecraft:deaths":12,"minecraft:sneak_time":6959,"minecraft:walk_under_water_one_cm":55378,"minecraft:jump":849,"minecraft:walk_on_water_one_cm":38509,"minecraft:total_world_time":130842,"minecraft:interact_with_furnace":72,"minecraft:sleep_in_bed":5,"minecraft:waystone_activated":3,"minecraft:time_since_rest":6510,"minecraft:damage_taken":3960,"minecraft:damage_dealt":4696,"minecraft:swim_one_cm":112112,"minecraft:fly_one_cm":90300,"minecraft:open_chest":14,"minecraft:crouch_one_cm":16576,"minecraft:fall_one_cm":12117},"minecraft:crafted":{"minecraft:oak_planks":44,"bettercopper:copper_leggings":1,"max_armory:copper_sword":1,"minecraft:furnace":4,"bettercopper:copper_helmet":1,"minecraft:cooked_mutton":5,"minecraft:stone_pickaxe":1,"bettercopper:copper_pickaxe":1,"minecraft:chest":2,"everythingcopper:copper_chestplate":1,"bettercopper:copper_boots":1,"everythingcopper:copper_axe":1,"minecraft:dried_kelp_block":18,"minecraft:crafting_table":1,"minecraft:dried_kelp":98,"minecraft:wooden_pickaxe":1,"minecraft:copper_ingot":35,"minecraft:campfire":3,"minecraft:stone_axe":1,"minecraft:air":0,"minecraft:wooden_hoe":1,"minecraft:charcoal":4,"minecraft:stick":24,"minecraft:iron_ingot":4,"minecraft:iron_pickaxe":1,"minecraft:stone_sword":1,"minecraft:iron_shovel":1,"minecraft:white_bed":2,"minecraft:torch":4},"minecraft:used":{"minecraft:stone_sword":109,"minecraft:iron_shovel":251,"minecraft:chest":2,"minecraft:rotten_flesh":1,"minecraft:torch":13,"minecraft:dirt":262,"minecraft:mutton":9,"minecraft:snowball":1,"born_in_chaos_v1:corpse_maggot":1,"mysticalagriculture:inferium_essence":2,"bettercopper:copper_boots":2,"minecraft:oak_sapling":2,"minecraft:furnace":6,"minecraft:wheat_seeds":1,"minecraft:cooked_mutton":5,"minecraft:stone_pickaxe":131,"minecraft:wooden_pickaxe":39,"minecraft:sugar_cane":9,"minecraft:sand":1,"minecraft:crafting_table":4,"max_armory:copper_sword":129,"minecraft:campfire":3,"minecraft:white_bed":2,"everythingcopper:copper_chestplate":2,"waystones:waystone":1,"minecraft:wooden_hoe":7,"minecraft:iron_pickaxe":250,"bettercopper:copper_leggings":2,"born_in_chaos_v1:marigolds":1,"minecraft:stone_axe":47,"minecraft:cobblestone":3,"born_in_chaos_v1:rotten_fish":2,"minecraft:porkchop":9,"minecraft:andesite":7,"minecraft:bone_meal":2},"minecraft:killed_by":{"born_in_chaos_v1:corpse_fly":1,"mutantmonsters:mutant_creeper":1,"minecraft:skeleton":1,"minecraft:guardian":4,"minecraft:zombie":1,"born_in_chaos_v1:corpse_fish":1},"minecraft:picked_up":{"minecraft:crafting_table":3,"minecraft:lead":1,"silentgear:sinew":4,"minecraft:string":2,"minecraft:raw_copper":35,"mysticalagriculture:inferium_essence":7,"minecraft:sugar_cane":19,"minecraft:birch_sapling":1,"minecraft:furnace":2,"minecraft:stick":15,"minecraft:raw_iron":6,"minecraft:torch":9,"minecraft:porkchop":9,"minecraft:dried_kelp":89,"minecraft:diorite":2,"minecraft:stone_sword":1,"minecraft:rotten_flesh":3,"born_in_chaos_v1:spiny_shell":2,"minecraft:mutton":14,"minecraft:cod":7,"minecraft:snowball":5,"minecraft:white_wool":7,"minecraft:cobblestone":249,"minecraft:birch_log":7,"born_in_chaos_v1:corpse_maggot":1,"minecraft:andesite":11,"minecraft:leather":2,"minecraft:brown_wool":1,"minecraft:flint":1,"minecraft:oak_log":43,"minecraft:dirt":328,"born_in_chaos_v1:marigolds":1,"minecraft:apple":1,"minecraft:kelp":495,"minecraft:wheat_seeds":2,"minecraft:oak_planks":11,"minecraft:gravel":2,"minecraft:sand":1,"minecraft:mossy_cobblestone":3,"waystones:waystone":1,"minecraft:granite":29,"minecraft:bone_meal":2,"minecraft:gray_wool":1,"minecraft:oak_sapling":4,"born_in_chaos_v1:rotten_fish":4,"minecraft:coal":36},"minecraft:killed":{"minecraft:spider":1,"minecraft:cod":7,"born_in_chaos_v1:thornshell_crab":1,"born_in_chaos_v1:zombie_bruiser":1,"born_in_chaos_v1:corpse_fish":4,"minecraft:pig":4,"minecraft:wandering_trader":1,"minecraft:sheep":3,"minecraft:trader_llama":2,"born_in_chaos_v1:bloody_gadfly":1,"born_in_chaos_v1:zombie_fisherman":1,"minecraft:zombie":4}},"DataVersion":3337}