{"stats":{"minecraft:mined":{"born_in_chaos_v1:marigolds":1,"minecraft:mossy_cobblestone":3,"minecraft:kelp_plant":4,"minecraft:crafting_table":3,"minecraft:torch":2,"minecraft:granite":33,"minecraft:grass_block":8,"minecraft:tall_grass":1,"minecraft:copper_ore":11,"minecraft:cobblestone":9,"minecraft:sugar_cane":7,"minecraft:kelp":1,"minecraft:diorite":1,"minecraft:wall_torch":1,"minecraft:spawner":1,"minecraft:furnace":1,"minecraft:iron_ore":8,"minecraft:andesite":13,"minecraft:grass":18,"minecraft:coal_ore":2,"minecraft:oak_log":10,"minecraft:gravel":3,"minecraft:sand":2,"minecraft:dirt":19,"minecraft:stone":95,"minecraft:oak_leaves":1},"minecraft:dropped":{"minecraft:stone_sword":1,"silentgear:sinew":1,"minecraft:dirt":1},"minecraft:crafted":{"minecraft:oak_planks":24,"minecraft:crafting_table":1,"minecraft:wooden_pickaxe":1,"bettercopper:copper_leggings":1,"minecraft:furnace":1,"minecraft:copper_ingot":22,"minecraft:stone_axe":1,"minecraft:wooden_hoe":1,"minecraft:charcoal":4,"minecraft:stick":20,"minecraft:iron_ingot":4,"minecraft:stone_pickaxe":1,"minecraft:iron_pickaxe":1,"minecraft:stone_sword":1,"bettercopper:copper_boots":1,"everythingcopper:copper_chestplate":1,"minecraft:torch":4},"minecraft:custom":{"minecraft:interact_with_furnace":9,"minecraft:mob_kills":9,"minecraft:interact_with_crafting_table":8,"minecraft:damage_dealt_resisted":20,"minecraft:time_since_death":7796,"minecraft:time_since_rest":7820,"minecraft:waystone_activated":1,"minecraft:sprint_one_cm":82654,"minecraft:damage_taken":1977,"minecraft:walk_one_cm":97176,"minecraft:drop":3,"minecraft:damage_dealt":1637,"minecraft:talked_to_villager":1,"minecraft:swim_one_cm":41394,"minecraft:fly_one_cm":44414,"minecraft:open_chest":1,"minecraft:crouch_one_cm":302,"minecraft:deaths":6,"minecraft:play_time":53014,"minecraft:sneak_time":274,"minecraft:walk_under_water_one_cm":22326,"minecraft:jump":414,"minecraft:walk_on_water_one_cm":12293,"minecraft:total_world_time":53014,"minecraft:fall_one_cm":5482},"minecraft:broken":{"minecraft:stone_pickaxe":1,"minecraft:wooden_pickaxe":1},"minecraft:used":{"minecraft:wheat_seeds":1,"minecraft:stone_sword":45,"minecraft:stone_pickaxe":131,"minecraft:wooden_pickaxe":39,"minecraft:sugar_cane":9,"minecraft:rotten_flesh":1,"minecraft:torch":4,"minecraft:dirt":3,"minecraft:sand":1,"minecraft:crafting_table":2,"everythingcopper:copper_chestplate":1,"minecraft:wooden_hoe":6,"bettercopper:copper_boots":1,"mysticalagriculture:inferium_essence":2,"minecraft:iron_pickaxe":38,"bettercopper:copper_leggings":1,"born_in_chaos_v1:marigolds":1,"minecraft:stone_axe":2,"born_in_chaos_v1:rotten_fish":1,"minecraft:furnace":1,"minecraft:porkchop":9,"minecraft:andesite":7},"minecraft:killed_by":{"minecraft:guardian":3,"minecraft:zombie":1,"born_in_chaos_v1:corpse_fish":1},"minecraft:picked_up":{"minecraft:crafting_table":3,"minecraft:andesite":9,"minecraft:flint":1,"minecraft:oak_log":10,"minecraft:string":2,"silentgear:sinew":2,"minecraft:dirt":28,"minecraft:raw_copper":35,"born_in_chaos_v1:marigolds":1,"minecraft:kelp":9,"minecraft:wheat_seeds":2,"mysticalagriculture:inferium_essence":3,"minecraft:sugar_cane":19,"minecraft:oak_planks":11,"minecraft:furnace":1,"minecraft:stick":8,"minecraft:raw_iron":4,"minecraft:torch":3,"minecraft:sand":1,"minecraft:gravel":2,"minecraft:porkchop":9,"minecraft:diorite":1,"minecraft:mossy_cobblestone":3,"minecraft:stone_sword":1,"minecraft:rotten_flesh":1,"minecraft:granite":29,"born_in_chaos_v1:rotten_fish":1,"minecraft:coal":2,"minecraft:cobblestone":81},"minecraft:killed":{"minecraft:pig":4,"minecraft:spider":1,"minecraft:zombie":4,"born_in_chaos_v1:corpse_fish":1}},"DataVersion":3337}