{"stats":{"minecraft:mined":{"minecraft:tall_grass":1,"minecraft:grass":1,"minecraft:oak_log":10,"minecraft:oak_leaves":1},"minecraft:crafted":{"minecraft:crafting_table":1,"minecraft:oak_planks":4},"minecraft:custom":{"minecraft:jump":52,"minecraft:time_since_rest":5014,"minecraft:sprint_one_cm":9550,"minecraft:play_time":5014,"minecraft:walk_on_water_one_cm":881,"minecraft:time_since_death":5014,"minecraft:walk_one_cm":4651,"minecraft:total_world_time":5014,"minecraft:walk_under_water_one_cm":193,"minecraft:interact_with_crafting_table":1,"minecraft:swim_one_cm":963,"minecraft:fall_one_cm":627,"minecraft:fly_one_cm":9003},"minecraft:used":{"minecraft:crafting_table":1},"minecraft:picked_up":{"minecraft:oak_log":10}},"DataVersion":3337}