{"stats":{"minecraft:crafted":{"minecraft:smooth_stone":25,"minecraft:oak_planks":104,"immersiveengineering:hammer":1,"minecraft:cobblestone_slab":306,"silentgear:chestplate":1,"bettercopper:copper_leggings":1,"max_armory:copper_sword":2,"immersiveengineering:manual":1,"minecraft:stone":277,"bettercopper:copper_helmet":1,"minecraft:lever":1,"silentgear:leggings":1,"immersiveengineering:ingot_nickel":2,"minecraft:cooked_mutton":9,"minecraft:glass":64,"vanillaplustools:iron_hammer":2,"immersiveengineering:ingot_silver":5,"immersiveengineering:screwdriver":1,"minecraft:iron_boots":4,"immersiveengineering:ingot_lead":21,"minecraft:chest":9,"minecraft:dried_kelp_block":70,"max_armory:iron_long_sword":2,"minecraft:golden_boots":1,"torchmaster:megatorch":1,"ironchest:wood_to_copper_chest_upgrade":1,"minecraft:emerald":16,"minecraft:soul_campfire":7,"minecraft:crafting_table":2,"constructionwand:iron_wand":1,"minecraft:wooden_pickaxe":1,"minecraft:iron_helmet":2,"minecraft:copper_ingot":122,"minecraft:gold_block":2,"minecraft:hay_block":2,"minecraft:campfire":3,"minecraft:iron_chestplate":2,"minecraft:book":1,"minecraft:wooden_hoe":1,"minecraft:paper":9,"minecraft:charcoal":4,"minecraft:shield":2,"minecraft:stick":32,"minecraft:iron_ingot":242,"minecraft:compass":2,"minecraft:iron_pickaxe":22,"minecraft:stone_sword":1,"bettercopper:copper_shovel":1,"minecraft:gold_ingot":33,"silentgear:helmet":1,"minecraft:shears":1,"minecraft:smooth_stone_slab":6,"vanillaplustools:stone_hammer":2,"immersiveengineering:stick_iron":4,"silentgear:crimson_iron_ingot":12,"minecraft:furnace":4,"minecraft:bone_meal":78,"silentgear:boots":1,"twilightforest:twilight_oak_planks":4,"minecraft:iron_axe":3,"immersiveengineering:wirecutter":1,"minecraft:stone_pickaxe":19,"bettercopper:copper_pickaxe":1,"bettercopper:copper_boots":1,"everythingcopper:copper_chestplate":1,"everythingcopper:copper_axe":2,"max_armory:handle":2,"immersiveengineering:voltmeter":1,"minecraft:dried_kelp":223,"minecraft:iron_sword":2,"revampedwolf:iron_wolf_armor":1,"ironchest:copper_chest":5,"minecraft:bucket":1,"minecraft:stone_axe":1,"minecraft:air":0,"minecraft:bread":5,"aether:iron_gloves":2,"minecraft:oak_boat":1,"ironchest:iron_to_gold_chest_upgrade":6,"minecraft:iron_shovel":3,"minecraft:iron_leggings":2,"minecraft:armor_stand":6,"minecraft:white_bed":3,"dummmmmmy:target_dummy":2,"minecraft:torch":120,"ironchest:iron_chest":6},"minecraft:broken":{"minecraft:iron_shovel":2,"vanillaplustools:iron_hammer":1,"minecraft:stone_pickaxe":1,"minecraft:iron_sword":1,"everythingcopper:copper_axe":2,"bettercopper:copper_shovel":1,"max_armory:copper_sword":1,"minecraft:wooden_pickaxe":1,"minecraft:shield":1,"vanillaplustools:stone_hammer":1,"minecraft:iron_axe":2,"minecraft:iron_pickaxe":2},"minecraft:killed":{"twilightforest:boar":2,"born_in_chaos_v1:restless_spirit":2,"minecraft:spider":1,"minecraft:cod":8,"minecraft:skeleton":9,"minecraft:chicken":1,"minecraft:magma_cube":31,"minecraft:pig":4,"born_in_chaos_v1:diamond_termite":2,"minecraft:zombie_villager":1,"born_in_chaos_v1:bone_imp":1,"twilightforest:raven":1,"minecraft:creeper":2,"minecraft:sheep":4,"minecraft:trader_llama":2,"minecraft:pillager":3,"born_in_chaos_v1:zombie_fisherman":1,"minecraft:zombie":31,"born_in_chaos_v1:dread_hound":12,"born_in_chaos_v1:corpse_fly":11,"born_in_chaos_v1:door_knight":2,"minecraft:cow":1,"twilightforest:squirrel":1,"twilightforest:deer":4,"born_in_chaos_v1:thornshell_crab":1,"born_in_chaos_v1:zombie_bruiser":3,"born_in_chaos_v1:firelight":4,"born_in_chaos_v1:maggot":17,"born_in_chaos_v1:dire_hound_leader":1,"twilightforest:tiny_bird":2,"born_in_chaos_v1:corpse_fish":6,"born_in_chaos_v1:fallen_chaos_knight":1,"born_in_chaos_v1:baby_skeleton":1,"born_in_chaos_v1:swarmer":1,"twilightforest:kobold":15,"minecraft:wandering_trader":1,"born_in_chaos_v1:decrepit_skeleton":3,"born_in_chaos_v1:bloody_gadfly":1,"twilightforest:bighorn_sheep":3},"minecraft:dropped":{"twilightforest:nagastone":9,"minecraft:iron_sword":2,"minecraft:oak_log":90,"minecraft:diamond":1,"minecraft:mossy_stone_brick_stairs":13,"minecraft:mossy_cobblestone_wall":5,"minecraft:cobblestone_stairs":3,"minecraft:dirt":1,"constructionwand:iron_wand":4,"silentgear:raw_crimson_iron":6,"born_in_chaos_v1:monster_skin":8,"twilightforest:mossy_nagastone_pillar":5,"minecraft:snowball":4,"minecraft:bone_meal":5,"twilightforest:cracked_etched_nagastone":4,"minecraft:iron_pickaxe":2,"vanillaplustools:iron_hammer":2,"mysticalagriculture:soulstone_cobble":1,"minecraft:bone":6,"minecraft:gravel":2,"minecraft:compass":1,"born_in_chaos_v1:fire_dust":2,"minecraft:cobbled_deepslate":2,"twilightforest:cooked_venison":1,"minecraft:birch_sapling":1,"minecraft:obsidian":1,"minecraft:blue_wool":1,"minecraft:rotten_flesh":12,"minecraft:oak_planks":7,"minecraft:cooked_mutton":4,"minecraft:carrot":63,"minecraft:chiseled_stone_bricks":9,"twilightforest:cracked_nagastone_pillar":3,"mysticalagriculture:inferium_essence":27,"born_in_chaos_v1:corpse_maggot":8,"minecraft:stone_brick_stairs":8,"immersiveengineering:seed":6,"minecraft:written_book":1,"minecraft:netherrack":6,"twilightforest:nagastone_pillar":35,"minecraft:wheat_seeds":3,"minecraft:mossy_cobblestone":4,"twilightforest:nagastone_head":5,"max_armory:iron_long_sword":1,"minecraft:cobblestone":98,"minecraft:amethyst_block":8,"minecraft:granite":39,"twilightforest:etched_nagastone":7,"silentgear:sinew":4,"twilightforest:canopy_log":2,"minecraft:stick":11,"minecraft:cobweb":3,"mysticalagriculture:watering_can":1,"born_in_chaos_v1:gnawed_bones":1,"minecraft:gray_wool":1,"minecraft:mossy_cobblestone_slab":4,"minecraft:diorite":20,"twilightforest:spiral_bricks":19,"minecraft:brown_wool":2,"mysticalagriculture:prosperity_shard":27,"immersiveengineering:shader_bag_epic":1,"minecraft:iron_axe":1,"twilightforest:raven_feather":6,"minecraft:mossy_cobblestone_stairs":1,"minecraft:bucket":1,"minecraft:smooth_basalt":6,"minecraft:stone_sword":1,"minecraft:cobblestone_wall":4,"minecraft:smooth_stone_slab":4,"minecraft:iron_hoe":1,"immersiveengineering:hammer":1,"minecraft:shears":1,"twilightforest:mossy_etched_nagastone":5,"minecraft:cobblestone_slab":4,"torchmaster:megatorch":1,"aether:iron_gloves":1,"born_in_chaos_v1:spiny_shell":2,"minecraft:andesite":78,"twilightforest:magic_map_focus":3,"minecraft:mossy_stone_bricks":13,"minecraft:stone_bricks":18,"minecraft:slime_ball":2},"minecraft:custom":{"minecraft:interact_with_crafting_table":172,"minecraft:leave_game":12,"minecraft:time_since_death":170879,"minecraft:sprint_one_cm":1330251,"minecraft:damage_blocked_by_shield":1976,"minecraft:drop":175,"minecraft:talked_to_villager":9,"minecraft:play_time":744694,"minecraft:deaths":28,"minecraft:jump":4426,"minecraft:walk_on_water_one_cm":132964,"minecraft:interact_with_furnace":284,"minecraft:traded_with_villager":16,"minecraft:sleep_in_bed":16,"minecraft:waystone_activated":4,"minecraft:damage_dealt":27344,"minecraft:crouch_one_cm":42272,"minecraft:mob_kills":199,"minecraft:interact_with_campfire":803,"minecraft:damage_dealt_resisted":1696,"minecraft:climb_one_cm":196,"minecraft:walk_one_cm":1911497,"minecraft:sneak_time":20193,"minecraft:walk_under_water_one_cm":118155,"minecraft:boat_one_cm":123407,"minecraft:total_world_time":744694,"minecraft:interact_with_stonecutter":2,"minecraft:time_since_rest":57698,"minecraft:damage_taken":16114,"minecraft:use_wand":63,"minecraft:swim_one_cm":256899,"minecraft:fly_one_cm":1677493,"minecraft:open_chest":581,"minecraft:fall_one_cm":89790},"minecraft:picked_up":{"silentgear:raw_crimson_iron":12,"minecraft:wheat":21,"max_armory:iron_long_sword":1,"twilightforest:naga_trophy":2,"minecraft:lead":1,"minecraft:stone_brick_stairs":8,"mysticalagriculture:prosperity_seed_base":2,"minecraft:amethyst_block":235,"silentgear:sinew":4,"minecraft:string":42,"mysticalagriculture:stone_seeds":1,"minecraft:raw_copper":108,"minecraft:smooth_stone_slab":4,"minecraft:oak_sign":2,"immersiveengineering:raw_lead":21,"mysticalagriculture:inferium_essence":119,"minecraft:gold_nugget":4,"minecraft:cobbled_deepslate":115,"minecraft:bucket":2,"minecraft:red_dye":25,"minecraft:redstone_torch":3,"minecraft:written_book":1,"minecraft:cobblestone_slab":4,"minecraft:furnace":2,"minecraft:blue_wool":1,"minecraft:stick":237,"immersiveengineering:shader_bag_epic":1,"twilightforest:cooked_venison":7,"twilightforest:stripped_twilight_oak_log":1,"minecraft:oak_fence":6,"minecraft:torch":46,"mysticalagriculture:prosperity_shard":148,"twilightforest:cracked_etched_nagastone":5,"minecraft:porkchop":12,"minecraft:dried_kelp":672,"mysticalagriculture:inferium_seeds":3,"ironchest:gold_chest":2,"minecraft:diorite":46,"minecraft:golden_chestplate":1,"minecraft:stone_sword":1,"minecraft:rotten_flesh":67,"minecraft:green_wool":1,"supplementaries:quiver":1,"supplementaries:ash":4,"minecraft:obsidian":1,"minecraft:cod":8,"minecraft:snowball":5,"minecraft:cobblestone":2698,"minecraft:birch_log":121,"minecraft:mossy_cobblestone_slab":4,"minecraft:feather":2,"minecraft:magma_cream":3,"twilightforest:twilight_oak_log":78,"minecraft:iron_door":1,"minecraft:andesite":91,"minecraft:brown_wool":2,"mysticalagriculture:watering_can":2,"minecraft:potato":171,"ironchest:copper_chest":1,"minecraft:flint":2,"minecraft:tuff":13,"twilightforest:mossy_nagastone_pillar":8,"minecraft:lapis_lazuli":42,"minecraft:dirt":659,"constructionwand:iron_wand":4,"born_in_chaos_v1:monster_skin":17,"born_in_chaos_v1:marigolds":1,"minecraft:bone":11,"minecraft:stonecutter":2,"minecraft:wheat_seeds":53,"minecraft:raw_gold":31,"mysticalagriculture:soulium_dust":6,"minecraft:mossy_stone_bricks":13,"minecraft:fletching_table":2,"minecraft:oak_planks":24,"minecraft:mossy_stone_brick_stairs":13,"twilightforest:canopy_chest":1,"torchmaster:megatorch":1,"minecraft:poisonous_potato":2,"minecraft:sand":184,"twilightforest:canopy_log":2,"minecraft:mossy_cobblestone":8,"twilightforest:mossy_etched_nagastone":5,"minecraft:yellow_carpet":4,"born_in_chaos_v1:fire_dust":3,"twilightforest:twilight_oak_sapling":6,"minecraft:diamond":1,"waystones:waystone":1,"minecraft:granite":53,"minecraft:bone_meal":3,"immersiveengineering:raw_nickel":2,"minecraft:oak_sapling":281,"born_in_chaos_v1:rotten_fish":6,"minecraft:netherrack":29,"twilightforest:torchberries":3,"minecraft:diamond_pickaxe":1,"minecraft:crafting_table":4,"born_in_chaos_v1:diamond_termite_shard":3,"mysticalagriculture:soulstone_cobble":8,"minecraft:chicken":1,"born_in_chaos_v1:smoked_monster_flesh":11,"born_in_chaos_v1:seedof_chaos":1,"twilightforest:nagastone":9,"minecraft:chain":2,"minecraft:iron_axe":1,"minecraft:cracked_stone_bricks":4,"twilightforest:nagastone_head":5,"minecraft:mossy_cobblestone_wall":5,"minecraft:beef":1,"minecraft:oak_boat":5,"born_in_chaos_v1:gnawed_bones":1,"minecraft:poppy":17,"minecraft:sugar_cane":37,"minecraft:chest":3,"minecraft:birch_sapling":58,"minecraft:egg":1,"minecraft:raw_iron":76,"ironchest:iron_chest":2,"born_in_chaos_v1:pieceofdarkmetal":5,"minecraft:carrot":949,"minecraft:redstone":62,"minecraft:arrow":8,"minecraft:cooked_cod":1,"immersiveengineering:shader":1,"twilightforest:etched_nagastone":8,"minecraft:diamond_boots":2,"born_in_chaos_v1:spiny_shell":2,"twilightforest:magic_map_focus":3,"minecraft:mutton":19,"minecraft:rail":3,"minecraft:white_wool":7,"minecraft:stripped_oak_log":4,"born_in_chaos_v1:corpse_maggot":20,"minecraft:basalt":3,"born_in_chaos_v1:monster_flesh":13,"minecraft:leather":7,"minecraft:oak_log":758,"minecraft:cobblestone_wall":4,"minecraft:gunpowder":1,"minecraft:cobblestone_stairs":3,"vanillaplustools:iron_hammer":1,"minecraft:white_banner":2,"twilightforest:raw_venison":7,"minecraft:apple":35,"minecraft:stone_bricks":18,"minecraft:kelp":1008,"minecraft:iron_ingot":1,"minecraft:cooked_chicken":1,"minecraft:cobweb":3,"minecraft:iron_sword":6,"minecraft:soul_sand":79,"minecraft:smooth_basalt":11,"twilightforest:nagastone_pillar":35,"minecraft:chiseled_stone_bricks":9,"born_in_chaos_v1:ethereal_spirit":2,"minecraft:quartz":8,"minecraft:dandelion":25,"minecraft:gravel":3,"minecraft:amethyst_shard":6,"twilightforest:cracked_nagastone_pillar":3,"born_in_chaos_v1:fangofthe_hound_leader":3,"silentgear:bort":3,"minecraft:slime_ball":2,"immersiveengineering:seed":22,"twilightforest:raven_feather":9,"minecraft:mossy_cobblestone_stairs":1,"minecraft:gray_wool":1,"minecraft:baked_potato":38,"twilightforest:spiral_bricks":49,"immersiveengineering:hammer":1,"minecraft:coal":212,"immersiveengineering:raw_silver":9},"minecraft:mined":{"twilightforest:cracked_etched_nagastone":1,"minecraft:large_amethyst_bud":2,"minecraft:oak_sapling":16,"minecraft:granite":61,"minecraft:budding_amethyst":32,"minecraft:grass_block":314,"minecraft:yellow_carpet":1,"silentgear:crimson_iron_ore":12,"ironchest:copper_chest":1,"mysticalagriculture:inferium_ore":14,"minecraft:spawner":1,"minecraft:tall_seagrass":3,"minecraft:iron_ore":71,"minecraft:fire":5,"ironchest:gold_chest":2,"immersiveengineering:deepslate_ore_silver":10,"minecraft:deepslate_lapis_ore":7,"minecraft:fletching_table":2,"silentgear:deepslate_bort_ore":6,"minecraft:oak_sign":2,"minecraft:dirt_path":4,"minecraft:small_amethyst_bud":3,"immersiveengineering:ore_lead":21,"minecraft:white_banner":1,"minecraft:tripwire":1,"minecraft:deepslate_redstone_ore":17,"minecraft:blackstone":1,"minecraft:kelp_plant":166,"minecraft:medium_amethyst_bud":4,"minecraft:amethyst_cluster":3,"minecraft:torch":11,"twilightforest:torchberry_plant":3,"twilightforest:spiral_bricks":12,"mysticalagriculture:inferium_crop":3,"minecraft:calcite":64,"minecraft:poppy":18,"minecraft:chest":3,"twilightforest:twilight_oak_log":78,"minecraft:nether_quartz_ore":8,"minecraft:cobblestone":44,"minecraft:oak_planks":2,"minecraft:sugar_cane":14,"minecraft:iron_door":1,"minecraft:wall_torch":27,"minecraft:amethyst_block":320,"minecraft:birch_sapling":4,"minecraft:seagrass":4,"mysticalagriculture:soulium_ore":2,"minecraft:birch_log":121,"minecraft:wheat":10,"twilightforest:root":1,"minecraft:stone_brick_stairs":1,"minecraft:grass":136,"minecraft:oak_log":587,"minecraft:sand":128,"minecraft:dirt":310,"mysticalagriculture:deepslate_prosperity_ore":47,"minecraft:smooth_basalt":10,"twilightforest:canopy_log":1,"minecraft:stonecutter":2,"minecraft:netherrack":23,"minecraft:deepslate":161,"minecraft:oak_leaves":184,"mysticalagriculture:deepslate_inferium_ore":13,"mysticalagriculture:prosperity_ore":13,"minecraft:diamond_ore":2,"mysticalagriculture:soulstone":8,"minecraft:tuff":12,"minecraft:mossy_cobblestone":4,"minecraft:sea_lantern":2,"born_in_chaos_v1:infected_diamond_ore":7,"torchmaster:megatorch":2,"immersiveengineering:ore_nickel":2,"twilightforest:canopy_chest":1,"minecraft:kelp":34,"twilightforest:etched_nagastone":1,"minecraft:redstone_ore":4,"minecraft:furnace":2,"minecraft:carrots":265,"twilightforest:naga_trophy":1,"minecraft:andesite":81,"twilightforest:twilight_oak_leaves":2,"supplementaries:gunpowder":1,"minecraft:mossy_stone_brick_stairs":1,"minecraft:deepslate_iron_ore":18,"minecraft:potatoes":48,"ironchest:iron_chest":2,"minecraft:stripped_oak_log":4,"minecraft:stone":2775,"minecraft:oak_slab":1,"born_in_chaos_v1:marigolds":1,"minecraft:soul_sand":79,"minecraft:basalt":3,"minecraft:dandelion":26,"minecraft:oak_fence":6,"minecraft:crafting_table":3,"minecraft:copper_ore":34,"minecraft:tall_grass":9,"minecraft:lapis_ore":3,"minecraft:deepslate_gold_ore":20,"endofherobrine:mossy_stone_bricks":1,"minecraft:diorite":60,"supplementaries:urn":1,"minecraft:birch_leaves":8,"minecraft:coal_ore":215,"minecraft:gravel":3,"twilightforest:stripped_twilight_oak_log":1,"minecraft:cobweb":41,"minecraft:mossy_stone_bricks":1,"minecraft:gold_ore":14},"minecraft:killed_by":{"minecraft:creeper":3,"born_in_chaos_v1:corpse_fly":1,"mutantmonsters:mutant_creeper":1,"minecraft:zombie":1,"twilightforest:naga":1,"born_in_chaos_v1:zombie_lumberjack":3,"minecraft:skeleton":4,"minecraft:guardian":4,"born_in_chaos_v1:corpse_fish":1,"born_in_chaos_v1:missioner":4},"minecraft:used":{"twilightforest:spiral_bricks":30,"minecraft:iron_shovel":511,"minecraft:poppy":13,"minecraft:oak_sign":2,"minecraft:shield":48,"minecraft:chest":7,"minecraft:stone":203,"minecraft:iron_sword":406,"minecraft:rotten_flesh":6,"minecraft:soul_campfire":7,"constructionwand:iron_wand":10,"minecraft:mutton":10,"minecraft:carrot":455,"ironchest:iron_chest":8,"minecraft:tuff":1,"minecraft:snowball":1,"twilightforest:etched_nagastone":1,"mysticalagriculture:inferium_seeds":2,"born_in_chaos_v1:corpse_maggot":12,"minecraft:birch_sapling":23,"mysticalagriculture:inferium_essence":2,"twilightforest:cooked_venison":6,"minecraft:green_wool":1,"minecraft:oak_sapling":134,"minecraft:furnace":6,"minecraft:cooked_cod":8,"minecraft:potato":128,"dummmmmmy:target_dummy":2,"twilightforest:naga_trophy":2,"minecraft:diamond_boots":1,"minecraft:oak_planks":5,"minecraft:stone_pickaxe":131,"minecraft:wooden_pickaxe":39,"minecraft:sugar_cane":16,"minecraft:sand":2,"silentgear:boots":7,"bettercopper:copper_pickaxe":162,"max_armory:copper_sword":392,"minecraft:shears":3,"waystones:waystone":1,"immersiveengineering:hammer":16,"born_in_chaos_v1:monster_flesh":1,"minecraft:string":1,"minecraft:bread":5,"minecraft:brown_wool":1,"ironchest:iron_to_gold_chest_upgrade":6,"born_in_chaos_v1:smoked_monster_flesh":11,"born_in_chaos_v1:marigolds":1,"born_in_chaos_v1:rotten_fish":4,"silentgear:helmet":3,"minecraft:andesite":7,"twilightforest:twilight_oak_log":6,"minecraft:oak_boat":5,"minecraft:bone_meal":84,"minecraft:stone_sword":109,"minecraft:armor_stand":2,"minecraft:dried_kelp":18,"vanillaplustools:stone_hammer":198,"twilightforest:cracked_etched_nagastone":1,"minecraft:cooked_chicken":1,"minecraft:netherrack":4,"silentgear:chestplate":6,"minecraft:torch":125,"minecraft:dirt":641,"minecraft:yellow_carpet":4,"minecraft:iron_axe":609,"bettercopper:copper_boots":2,"minecraft:smooth_basalt":5,"silentgear:leggings":6,"minecraft:gunpowder":1,"minecraft:beef":1,"everythingcopper:copper_axe":352,"ironchest:gold_chest":2,"torchmaster:megatorch":1,"minecraft:cobbled_deepslate":18,"minecraft:wheat_seeds":11,"minecraft:cooked_mutton":5,"max_armory:iron_long_sword":141,"minecraft:water_bucket":40,"minecraft:baked_potato":14,"minecraft:fletching_table":2,"minecraft:stonecutter":2,"ironchest:wood_to_copper_chest_upgrade":1,"twilightforest:twilight_oak_sapling":2,"minecraft:crafting_table":5,"bettercopper:copper_shovel":253,"minecraft:white_bed":3,"minecraft:campfire":3,"minecraft:oak_log":30,"everythingcopper:copper_chestplate":2,"minecraft:wooden_hoe":34,"minecraft:diamond_pickaxe":36,"minecraft:apple":2,"mysticalagriculture:soulstone_cobble":2,"minecraft:iron_pickaxe":693,"bettercopper:copper_leggings":2,"minecraft:stone_axe":49,"minecraft:cobblestone":46,"vanillaplustools:iron_hammer":249,"minecraft:porkchop":12,"minecraft:white_banner":2,"minecraft:bucket":41,"minecraft:dandelion":22}},"DataVersion":3337}