{"stats":{"minecraft:mined":{"minecraft:oak_sapling":2,"minecraft:mossy_cobblestone":3,"minecraft:sea_lantern":2,"torchmaster:megatorch":2,"minecraft:granite":33,"minecraft:grass_block":283,"minecraft:kelp":34,"minecraft:spawner":1,"minecraft:tall_seagrass":3,"minecraft:furnace":2,"minecraft:iron_ore":11,"minecraft:andesite":13,"minecraft:oak_sign":2,"minecraft:stone":260,"born_in_chaos_v1:marigolds":1,"minecraft:kelp_plant":166,"minecraft:crafting_table":3,"minecraft:torch":6,"minecraft:tall_grass":1,"minecraft:copper_ore":11,"minecraft:cobblestone":12,"minecraft:sugar_cane":7,"endofherobrine:mossy_stone_bricks":1,"minecraft:diorite":1,"minecraft:iron_door":1,"minecraft:wall_torch":3,"minecraft:seagrass":4,"minecraft:birch_log":7,"minecraft:grass":26,"minecraft:coal_ore":36,"minecraft:oak_log":69,"minecraft:gravel":3,"minecraft:sand":2,"minecraft:dirt":287,"minecraft:oak_leaves":14},"minecraft:dropped":{"minecraft:cobblestone":1,"minecraft:granite":29,"silentgear:sinew":1,"minecraft:dirt":1,"constructionwand:iron_wand":1,"minecraft:diorite":2,"minecraft:snowball":4,"minecraft:bucket":1,"minecraft:gravel":2,"minecraft:stone_sword":1,"minecraft:birch_sapling":1,"minecraft:andesite":4,"born_in_chaos_v1:corpse_maggot":3},"minecraft:broken":{"minecraft:iron_shovel":1,"max_armory:copper_sword":1,"minecraft:wooden_pickaxe":1,"minecraft:stone_pickaxe":1,"minecraft:iron_pickaxe":1,"bettercopper:copper_shovel":1},"minecraft:custom":{"minecraft:mob_kills":51,"minecraft:interact_with_crafting_table":50,"minecraft:interact_with_campfire":236,"minecraft:damage_dealt_resisted":217,"minecraft:leave_game":1,"minecraft:time_since_death":100950,"minecraft:sprint_one_cm":350492,"minecraft:walk_one_cm":425836,"minecraft:drop":20,"minecraft:talked_to_villager":1,"minecraft:play_time":178842,"minecraft:deaths":12,"minecraft:sneak_time":11203,"minecraft:walk_under_water_one_cm":81864,"minecraft:jump":1046,"minecraft:walk_on_water_one_cm":55309,"minecraft:total_world_time":178842,"minecraft:interact_with_furnace":128,"minecraft:sleep_in_bed":7,"minecraft:waystone_activated":3,"minecraft:time_since_rest":37570,"minecraft:damage_taken":4728,"minecraft:damage_dealt":9130,"minecraft:swim_one_cm":183913,"minecraft:fly_one_cm":117678,"minecraft:open_chest":29,"minecraft:crouch_one_cm":28152,"minecraft:fall_one_cm":17301},"minecraft:crafted":{"minecraft:oak_planks":44,"bettercopper:copper_leggings":1,"max_armory:copper_sword":2,"minecraft:furnace":4,"bettercopper:copper_helmet":1,"minecraft:cooked_mutton":5,"minecraft:stone_pickaxe":1,"bettercopper:copper_pickaxe":1,"minecraft:chest":2,"everythingcopper:copper_chestplate":1,"bettercopper:copper_boots":1,"everythingcopper:copper_axe":1,"minecraft:dried_kelp_block":51,"minecraft:crafting_table":1,"minecraft:dried_kelp":223,"minecraft:wooden_pickaxe":1,"minecraft:copper_ingot":35,"minecraft:bucket":1,"minecraft:campfire":3,"minecraft:stone_axe":1,"minecraft:bread":1,"minecraft:air":0,"minecraft:wooden_hoe":1,"minecraft:charcoal":4,"minecraft:stick":24,"minecraft:iron_ingot":5,"minecraft:iron_pickaxe":1,"minecraft:stone_sword":1,"bettercopper:copper_shovel":1,"minecraft:iron_shovel":1,"minecraft:white_bed":2,"minecraft:torch":4},"minecraft:used":{"minecraft:stone_sword":109,"minecraft:iron_shovel":251,"minecraft:dried_kelp":3,"minecraft:oak_sign":2,"minecraft:chest":2,"minecraft:cooked_chicken":1,"minecraft:rotten_flesh":1,"minecraft:torch":13,"minecraft:dirt":540,"minecraft:mutton":9,"minecraft:snowball":1,"born_in_chaos_v1:corpse_maggot":1,"mysticalagriculture:inferium_essence":2,"bettercopper:copper_boots":2,"everythingcopper:copper_axe":79,"minecraft:oak_sapling":18,"minecraft:furnace":6,"minecraft:cooked_cod":7,"torchmaster:megatorch":1,"minecraft:wheat_seeds":1,"minecraft:cooked_mutton":5,"minecraft:stone_pickaxe":131,"minecraft:wooden_pickaxe":39,"minecraft:sugar_cane":9,"minecraft:sand":1,"bettercopper:copper_pickaxe":1,"minecraft:crafting_table":4,"bettercopper:copper_shovel":253,"max_armory:copper_sword":309,"minecraft:campfire":3,"minecraft:white_bed":2,"everythingcopper:copper_chestplate":2,"waystones:waystone":1,"minecraft:wooden_hoe":7,"born_in_chaos_v1:monster_flesh":1,"minecraft:bread":1,"minecraft:iron_pickaxe":250,"bettercopper:copper_leggings":2,"born_in_chaos_v1:smoked_monster_flesh":8,"born_in_chaos_v1:marigolds":1,"minecraft:stone_axe":47,"minecraft:cobblestone":3,"born_in_chaos_v1:rotten_fish":4,"minecraft:porkchop":9,"minecraft:bucket":1,"minecraft:andesite":7,"minecraft:bone_meal":2},"minecraft:killed_by":{"born_in_chaos_v1:corpse_fly":1,"mutantmonsters:mutant_creeper":1,"minecraft:skeleton":1,"minecraft:guardian":4,"minecraft:zombie":1,"born_in_chaos_v1:corpse_fish":1},"minecraft:picked_up":{"minecraft:crafting_table":3,"born_in_chaos_v1:smoked_monster_flesh":9,"minecraft:chicken":1,"minecraft:lead":1,"silentgear:sinew":4,"minecraft:string":2,"minecraft:raw_copper":35,"minecraft:oak_sign":2,"mysticalagriculture:inferium_essence":11,"minecraft:bucket":1,"born_in_chaos_v1:gnawed_bones":1,"minecraft:sugar_cane":19,"minecraft:birch_sapling":1,"minecraft:furnace":2,"minecraft:stick":18,"minecraft:raw_iron":7,"minecraft:torch":9,"minecraft:porkchop":9,"minecraft:dried_kelp":232,"minecraft:diorite":2,"minecraft:stone_sword":1,"minecraft:rotten_flesh":13,"born_in_chaos_v1:spiny_shell":2,"minecraft:mutton":14,"minecraft:cod":8,"minecraft:snowball":5,"minecraft:white_wool":7,"minecraft:cobblestone":249,"minecraft:birch_log":7,"born_in_chaos_v1:corpse_maggot":4,"born_in_chaos_v1:monster_flesh":10,"minecraft:andesite":11,"minecraft:leather":2,"minecraft:brown_wool":1,"minecraft:flint":1,"minecraft:oak_log":70,"minecraft:dirt":606,"constructionwand:iron_wand":1,"born_in_chaos_v1:monster_skin":8,"born_in_chaos_v1:marigolds":1,"minecraft:apple":3,"minecraft:kelp":1008,"minecraft:wheat_seeds":3,"minecraft:cooked_chicken":1,"minecraft:iron_ingot":1,"minecraft:oak_planks":11,"torchmaster:megatorch":1,"minecraft:gravel":2,"minecraft:sand":1,"born_in_chaos_v1:fangofthe_hound_leader":3,"minecraft:mossy_cobblestone":3,"immersiveengineering:seed":1,"waystones:waystone":1,"minecraft:granite":29,"minecraft:bone_meal":2,"minecraft:gray_wool":1,"minecraft:oak_sapling":20,"born_in_chaos_v1:rotten_fish":6,"minecraft:coal":36},"minecraft:killed":{"minecraft:spider":1,"minecraft:cod":8,"born_in_chaos_v1:thornshell_crab":1,"born_in_chaos_v1:zombie_bruiser":3,"born_in_chaos_v1:dire_hound_leader":1,"minecraft:chicken":1,"born_in_chaos_v1:corpse_fish":6,"minecraft:pig":4,"minecraft:wandering_trader":1,"minecraft:sheep":3,"minecraft:trader_llama":2,"born_in_chaos_v1:bloody_gadfly":1,"born_in_chaos_v1:zombie_fisherman":1,"minecraft:zombie":4,"born_in_chaos_v1:dread_hound":10,"born_in_chaos_v1:corpse_fly":2}},"DataVersion":3337}