{"stats":{"minecraft:dropped":{"minecraft:gravel":2,"minecraft:rotten_flesh":44,"minecraft:granite":9,"constructionwand:iron_wand":3,"minecraft:andesite":38,"born_in_chaos_v1:corpse_maggot":4,"minecraft:oak_sapling":13,"minecraft:dried_kelp":58},"minecraft:killed":{"born_in_chaos_v1:decrepit_skeleton":1,"minecraft:sheep":1,"minecraft:skeleton":1,"minecraft:zombie":1,"born_in_chaos_v1:corpse_fly":3,"minecraft:cow":3},"minecraft:custom":{"minecraft:interact_with_furnace":75,"minecraft:mob_kills":10,"minecraft:interact_with_crafting_table":48,"minecraft:damage_dealt_resisted":6,"minecraft:leave_game":2,"minecraft:time_since_death":78443,"minecraft:sleep_in_bed":10,"minecraft:time_since_rest":27586,"minecraft:waystone_activated":3,"minecraft:sprint_one_cm":269710,"minecraft:damage_taken":3747,"minecraft:walk_one_cm":784225,"minecraft:drop":18,"minecraft:damage_dealt":1329,"minecraft:use_wand":780,"minecraft:swim_one_cm":11348,"minecraft:fly_one_cm":37081,"minecraft:open_chest":97,"minecraft:crouch_one_cm":43817,"minecraft:play_time":298921,"minecraft:deaths":13,"minecraft:sneak_time":31089,"minecraft:walk_under_water_one_cm":7621,"minecraft:jump":762,"minecraft:walk_on_water_one_cm":15369,"minecraft:total_world_time":298921,"minecraft:fall_one_cm":18841},"minecraft:crafted":{"minecraft:cooked_beef":7,"minecraft:cooked_cod":7,"minecraft:oak_planks":120,"minecraft:wooden_shovel":1,"minecraft:stone_shovel":10,"minecraft:crafting_table":2,"minecraft:dried_kelp":34,"minecraft:wooden_pickaxe":1,"constructionwand:iron_wand":1,"minecraft:iron_sword":1,"minecraft:stone_axe":5,"minecraft:air":0,"minecraft:charcoal":15,"constructionwand:stone_wand":5,"minecraft:stick":32,"minecraft:iron_ingot":12,"minecraft:iron_pickaxe":1,"minecraft:stone_pickaxe":4,"minecraft:stone_sword":1,"minecraft:chest":4,"minecraft:dried_kelp_block":2,"minecraft:torch":96,"minecraft:stone_hoe":1},"minecraft:killed_by":{"endofherobrine:cow":4,"minecraft:skeleton":3,"born_in_chaos_v1:door_knight":2},"minecraft:picked_up":{"minecraft:birch_log":35,"born_in_chaos_v1:corpse_maggot":4,"minecraft:crafting_table":2,"minecraft:iron_door":1,"minecraft:andesite":42,"minecraft:brown_wool":1,"minecraft:leather":4,"minecraft:flint":2,"minecraft:oak_log":646,"silentgear:sinew":3,"minecraft:dirt":1150,"constructionwand:iron_wand":3,"minecraft:raw_copper":38,"born_in_chaos_v1:monster_skin":16,"born_in_chaos_v1:intoxicating_decoction":2,"minecraft:bone":8,"minecraft:oak_sign":2,"minecraft:apple":21,"minecraft:wheat_seeds":6,"mysticalagriculture:inferium_essence":33,"minecraft:beef":7,"minecraft:redstone_torch":3,"minecraft:sugar_cane":11,"minecraft:chest":1,"minecraft:birch_sapling":18,"minecraft:oak_planks":8,"minecraft:egg":2,"minecraft:stick":122,"minecraft:raw_iron":14,"born_in_chaos_v1:shattered_skull":1,"minecraft:torch":61,"minecraft:gravel":2,"torchmaster:megatorch":1,"minecraft:sand":64,"minecraft:dried_kelp":99,"minecraft:diorite":8,"born_in_chaos_v1:pieceofdarkmetal":3,"minecraft:carrot":103,"minecraft:arrow":2,"minecraft:rotten_flesh":33,"immersiveengineering:seed":6,"waystones:waystone":1,"minecraft:granite":9,"minecraft:oak_sapling":265,"minecraft:mutton":2,"minecraft:coal":19,"minecraft:snowball":20,"minecraft:cobblestone":273},"minecraft:mined":{"minecraft:oak_sapling":1,"minecraft:sea_lantern":1,"minecraft:torch":60,"minecraft:crafting_table":1,"minecraft:granite":5,"minecraft:grass_block":667,"minecraft:copper_ore":5,"minecraft:cobblestone":6,"minecraft:diorite":8,"minecraft:sugar_cane":4,"endofherobrine:mossy_stone_bricks":1,"mysticalagriculture:inferium_ore":9,"minecraft:iron_door":1,"minecraft:wall_torch":2,"minecraft:carrots":29,"minecraft:birch_log":35,"minecraft:iron_ore":10,"minecraft:snow":31,"minecraft:birch_leaves":1,"minecraft:andesite":39,"minecraft:grass":8,"minecraft:coal_ore":19,"minecraft:oak_log":418,"minecraft:oak_sign":2,"minecraft:gravel":3,"minecraft:sand":64,"minecraft:dirt":531,"minecraft:stone":287,"minecraft:oak_leaves":169,"minecraft:redstone_wall_torch":3},"minecraft:broken":{"minecraft:stone_pickaxe":3,"minecraft:wooden_shovel":1,"constructionwand:iron_wand":1,"minecraft:stone_axe":4,"constructionwand:stone_wand":4,"minecraft:stone_shovel":9},"minecraft:used":{"minecraft:stone_sword":25,"minecraft:stone_shovel":1182,"minecraft:stone_pickaxe":402,"minecraft:chest":5,"minecraft:iron_sword":10,"minecraft:stone_hoe":60,"minecraft:wooden_shovel":59,"minecraft:torch":137,"minecraft:dirt":1120,"constructionwand:iron_wand":36,"minecraft:crafting_table":2,"minecraft:carrot":85,"constructionwand:stone_wand":98,"minecraft:snowball":12,"waystones:waystone":1,"minecraft:oak_log":11,"minecraft:stone_axe":580,"minecraft:cobblestone":19,"minecraft:oak_sapling":25,"torchmaster:megatorch":1}},"DataVersion":3337}