{"stats":{"minecraft:mined":{"minecraft:crafting_table":1,"minecraft:granite":5,"minecraft:grass_block":115,"minecraft:copper_ore":5,"minecraft:cobblestone":1,"minecraft:wall_torch":1,"mysticalagriculture:inferium_ore":6,"minecraft:birch_log":10,"minecraft:iron_ore":6,"minecraft:snow":29,"minecraft:andesite":34,"minecraft:birch_leaves":1,"minecraft:grass":3,"minecraft:coal_ore":1,"minecraft:oak_log":21,"minecraft:gravel":3,"minecraft:dirt":208,"minecraft:stone":232,"minecraft:oak_leaves":1},"minecraft:custom":{"minecraft:interact_with_furnace":33,"minecraft:mob_kills":8,"minecraft:interact_with_crafting_table":11,"minecraft:leave_game":1,"minecraft:time_since_death":9704,"minecraft:sleep_in_bed":6,"minecraft:time_since_rest":7545,"minecraft:waystone_activated":3,"minecraft:sprint_one_cm":139592,"minecraft:damage_taken":2702,"minecraft:walk_one_cm":233964,"minecraft:drop":6,"minecraft:damage_dealt":1178,"minecraft:swim_one_cm":7357,"minecraft:fly_one_cm":30976,"minecraft:open_chest":18,"minecraft:crouch_one_cm":24602,"minecraft:play_time":115623,"minecraft:deaths":10,"minecraft:sneak_time":5043,"minecraft:walk_under_water_one_cm":4437,"minecraft:jump":524,"minecraft:walk_on_water_one_cm":13090,"minecraft:total_world_time":115623,"minecraft:fall_one_cm":4257},"minecraft:dropped":{"minecraft:gravel":2,"minecraft:rotten_flesh":4,"minecraft:granite":9,"minecraft:andesite":38,"born_in_chaos_v1:corpse_maggot":1,"minecraft:oak_sapling":13},"minecraft:broken":{"minecraft:stone_pickaxe":2,"minecraft:wooden_shovel":1,"minecraft:stone_shovel":1},"minecraft:crafted":{"minecraft:cooked_beef":7,"minecraft:oak_planks":64,"minecraft:wooden_shovel":1,"minecraft:stone_shovel":2,"minecraft:crafting_table":2,"minecraft:wooden_pickaxe":1,"minecraft:iron_sword":1,"minecraft:stone_axe":1,"minecraft:air":0,"minecraft:charcoal":15,"minecraft:stick":32,"minecraft:iron_ingot":12,"minecraft:iron_pickaxe":1,"minecraft:stone_pickaxe":3,"minecraft:stone_sword":1,"minecraft:chest":2},"minecraft:used":{"minecraft:stone_sword":25,"minecraft:stone_shovel":245,"minecraft:stone_pickaxe":297,"minecraft:chest":2,"minecraft:wooden_shovel":59,"minecraft:dirt":224,"minecraft:crafting_table":2,"minecraft:snowball":11,"waystones:waystone":1,"minecraft:stone_axe":18,"minecraft:cobblestone":10,"minecraft:oak_sapling":3},"minecraft:killed_by":{"endofherobrine:cow":4,"minecraft:skeleton":3,"born_in_chaos_v1:door_knight":2},"minecraft:picked_up":{"minecraft:birch_log":10,"born_in_chaos_v1:corpse_maggot":1,"minecraft:crafting_table":1,"minecraft:andesite":38,"minecraft:brown_wool":1,"minecraft:leather":4,"minecraft:flint":1,"minecraft:oak_log":21,"silentgear:sinew":3,"minecraft:dirt":288,"minecraft:raw_copper":19,"born_in_chaos_v1:intoxicating_decoction":2,"minecraft:bone":7,"minecraft:wheat_seeds":2,"mysticalagriculture:inferium_essence":21,"minecraft:beef":7,"minecraft:oak_planks":1,"minecraft:egg":1,"minecraft:stick":3,"minecraft:raw_iron":10,"born_in_chaos_v1:shattered_skull":1,"minecraft:torch":1,"minecraft:gravel":2,"born_in_chaos_v1:pieceofdarkmetal":3,"minecraft:rotten_flesh":4,"waystones:waystone":1,"minecraft:granite":9,"minecraft:oak_sapling":16,"minecraft:mutton":2,"minecraft:coal":1,"minecraft:snowball":14,"minecraft:cobblestone":239},"minecraft:killed":{"born_in_chaos_v1:decrepit_skeleton":1,"minecraft:sheep":1,"minecraft:zombie":1,"born_in_chaos_v1:corpse_fly":2,"minecraft:cow":3}},"DataVersion":3337}