{"stats":{"minecraft:dropped":{"minecraft:granite":14,"born_in_chaos_v1:gnawed_bones":1,"constructionwand:iron_wand":3,"minecraft:diorite":8,"mysticalagriculture:prosperity_seed_base":1,"minecraft:dried_kelp":58,"minecraft:chain":1,"mysticalagriculture:prosperity_shard":1,"minecraft:iron_axe":1,"mysticalagriculture:stone_seeds":1,"minecraft:smooth_basalt":1,"minecraft:gravel":6,"minecraft:cobbled_deepslate":24,"minecraft:tuff":8,"minecraft:rotten_flesh":56,"mysticalagriculture:inferium_seeds":1,"supplementaries:ash":1,"mysticalagriculture:inferium_essence":1,"minecraft:andesite":46,"born_in_chaos_v1:corpse_maggot":4,"minecraft:oak_sapling":13,"minecraft:bow":1},"minecraft:killed":{"born_in_chaos_v1:zombie_lumberjack":1,"born_in_chaos_v1:restless_spirit":2,"born_in_chaos_v1:siamese_skeletonsright":1,"minecraft:skeleton":4,"born_in_chaos_v1:diamond_termite":5,"born_in_chaos_v1:decrepit_skeleton":1,"minecraft:sheep":1,"minecraft:zombie":10,"born_in_chaos_v1:dread_hound":1,"born_in_chaos_v1:corpse_fly":3,"born_in_chaos_v1:siamese_skeletonsleft":1,"minecraft:cow":3},"minecraft:custom":{"minecraft:mob_kills":35,"minecraft:interact_with_crafting_table":95,"minecraft:damage_dealt_resisted":126,"minecraft:leave_game":2,"minecraft:time_since_death":14336,"minecraft:climb_one_cm":75,"minecraft:sprint_one_cm":402866,"minecraft:walk_one_cm":1225667,"minecraft:damage_blocked_by_shield":135,"minecraft:drop":41,"minecraft:play_time":460921,"minecraft:deaths":25,"minecraft:sneak_time":31292,"minecraft:walk_under_water_one_cm":52040,"minecraft:jump":1537,"minecraft:walk_on_water_one_cm":43775,"minecraft:total_world_time":460921,"minecraft:interact_with_furnace":117,"minecraft:sleep_in_bed":11,"minecraft:time_since_rest":14369,"minecraft:waystone_activated":3,"minecraft:damage_taken":8326,"minecraft:use_wand":780,"minecraft:damage_dealt":6973,"minecraft:swim_one_cm":19903,"minecraft:fly_one_cm":64880,"minecraft:open_chest":226,"minecraft:crouch_one_cm":43862,"minecraft:fall_one_cm":38933},"minecraft:crafted":{"minecraft:oak_planks":120,"silentgear:chestplate":1,"minecraft:stone_shovel":10,"mysticalagriculture:infusion_pedestal":8,"minecraft:stone":64,"minecraft:lever":1,"minecraft:bone_meal":12,"silentgear:leggings":1,"mysticalagriculture:prosperity_seed_base":5,"silentgear:boots":1,"minecraft:iron_boots":3,"minecraft:stone_pickaxe":5,"minecraft:chest":7,"minecraft:dried_kelp_block":37,"minecraft:stone_hoe":1,"minecraft:cooked_beef":7,"minecraft:red_dye":9,"minecraft:cooked_cod":7,"minecraft:wooden_shovel":1,"minecraft:crafting_table":2,"minecraft:iron_helmet":1,"minecraft:dried_kelp":34,"minecraft:wooden_pickaxe":1,"constructionwand:iron_wand":1,"minecraft:iron_sword":1,"revampedwolf:iron_wolf_armor":1,"minecraft:red_wool":9,"minecraft:birch_planks":52,"minecraft:stone_axe":6,"minecraft:orange_dye":1,"minecraft:air":0,"minecraft:iron_chestplate":1,"minecraft:charcoal":15,"naturescompass:naturescompass":1,"constructionwand:stone_wand":5,"minecraft:stick":32,"minecraft:iron_ingot":53,"minecraft:compass":1,"minecraft:iron_pickaxe":1,"mysticalagriculture:infusion_altar":1,"minecraft:stone_sword":1,"minecraft:gold_ingot":37,"minecraft:iron_leggings":1,"silentgear:helmet":1,"minecraft:torch":96,"minecraft:shears":1},"minecraft:killed_by":{"endofherobrine:cow":4,"born_in_chaos_v1:nightmare_stalker":1,"minecraft:creeper":3,"born_in_chaos_v1:zombie_bruiser":1,"minecraft:skeleton":8,"born_in_chaos_v1:door_knight":2},"minecraft:picked_up":{"born_in_chaos_v1:diamond_termite_shard":2,"minecraft:crafting_table":2,"aether:iron_gloves":1,"minecraft:chain":1,"mysticalagriculture:prosperity_seed_base":1,"silentgear:sinew":6,"minecraft:raw_copper":38,"minecraft:iron_axe":1,"born_in_chaos_v1:intoxicating_decoction":2,"minecraft:oak_sign":3,"mysticalagriculture:inferium_essence":111,"minecraft:gold_nugget":22,"minecraft:cobbled_deepslate":39,"minecraft:beef":7,"minecraft:redstone_torch":3,"born_in_chaos_v1:gnawed_bones":2,"minecraft:iron_pickaxe":1,"minecraft:poppy":30,"minecraft:light_gray_wool":1,"minecraft:chest":1,"minecraft:sugar_cane":11,"minecraft:birch_sapling":18,"minecraft:egg":3,"minecraft:stick":124,"minecraft:raw_iron":193,"born_in_chaos_v1:shattered_skull":1,"minecraft:acacia_log":1,"minecraft:torch":62,"mysticalagriculture:prosperity_shard":152,"minecraft:dried_kelp":110,"minecraft:pointed_dripstone":3,"minecraft:diorite":8,"born_in_chaos_v1:pieceofdarkmetal":5,"minecraft:carrot":164,"minecraft:redstone":4,"minecraft:arrow":8,"minecraft:rotten_flesh":41,"born_in_chaos_v1:spiny_shell":2,"supplementaries:ash":1,"minecraft:mutton":2,"minecraft:snowball":20,"minecraft:white_wool":16,"minecraft:cobblestone":366,"born_in_chaos_v1:fused_bone":2,"minecraft:birch_log":37,"born_in_chaos_v1:corpse_maggot":4,"minecraft:iron_door":1,"minecraft:andesite":46,"minecraft:leather":4,"minecraft:brown_wool":3,"minecraft:potato":1,"minecraft:flint":4,"minecraft:tuff":8,"minecraft:oak_log":651,"mysticalagriculture:dirt_seeds":3,"minecraft:lapis_lazuli":28,"minecraft:dirt":1150,"constructionwand:iron_wand":3,"born_in_chaos_v1:monster_skin":17,"born_in_chaos_v1:marigolds":1,"minecraft:bone":20,"minecraft:apple":21,"minecraft:bow":2,"minecraft:wheat_seeds":31,"minecraft:raw_gold":50,"minecraft:oak_planks":8,"minecraft:smooth_basalt":1,"born_in_chaos_v1:ethereal_spirit":1,"minecraft:dandelion":14,"minecraft:dripstone_block":4,"torchmaster:megatorch":1,"minecraft:gravel":6,"minecraft:sand":64,"twilightforest:canopy_log":1,"silentgear:bort":1,"minecraft:diamond":6,"immersiveengineering:seed":23,"waystones:waystone":1,"minecraft:granite":15,"minecraft:gray_wool":2,"minecraft:oak_sapling":271,"minecraft:coal":61,"immersiveengineering:raw_silver":1},"minecraft:mined":{"mysticalagriculture:prosperity_ore":24,"minecraft:diamond_ore":2,"minecraft:tuff":9,"minecraft:oak_sapling":1,"minecraft:deepslate_diamond_ore":3,"minecraft:sea_lantern":1,"born_in_chaos_v1:infected_diamond_ore":3,"minecraft:granite":11,"minecraft:grass_block":667,"mysticalagriculture:inferium_ore":31,"minecraft:carrots":29,"minecraft:iron_ore":137,"minecraft:snow":31,"minecraft:andesite":43,"minecraft:deepslate_lapis_ore":5,"silentgear:deepslate_bort_ore":1,"minecraft:pointed_dripstone":1,"minecraft:oak_sign":3,"minecraft:deepslate_iron_ore":53,"minecraft:stone":366,"minecraft:redstone_wall_torch":3,"born_in_chaos_v1:marigolds":1,"minecraft:dandelion":13,"born_in_chaos_v1:infected_deepslate_diamond_ore":2,"minecraft:crafting_table":1,"minecraft:torch":61,"minecraft:poppy":29,"minecraft:tall_grass":15,"minecraft:copper_ore":5,"minecraft:cobblestone":18,"minecraft:deepslate_gold_ore":44,"minecraft:sugar_cane":4,"endofherobrine:mossy_stone_bricks":1,"minecraft:diorite":8,"minecraft:iron_door":1,"minecraft:wall_torch":2,"supplementaries:urn":1,"minecraft:birch_log":35,"minecraft:birch_leaves":1,"minecraft:grass":161,"minecraft:oak_log":422,"minecraft:coal_ore":62,"minecraft:dripstone_block":4,"minecraft:gravel":10,"minecraft:sand":64,"minecraft:dirt":531,"mysticalagriculture:deepslate_prosperity_ore":24,"minecraft:gold_ore":6,"minecraft:oak_leaves":171,"minecraft:deepslate":40},"minecraft:broken":{"minecraft:wooden_shovel":1,"constructionwand:stone_wand":4,"minecraft:stone_pickaxe":5,"constructionwand:iron_wand":1,"minecraft:stone_axe":4,"minecraft:iron_pickaxe":1,"minecraft:stone_shovel":9},"minecraft:used":{"minecraft:stone_sword":25,"minecraft:stone_shovel":1189,"minecraft:chest":5,"minecraft:shield":2,"minecraft:iron_sword":132,"mysticalagriculture:infusion_altar":1,"minecraft:wooden_shovel":59,"minecraft:stone_hoe":60,"minecraft:iron_chestplate":1,"minecraft:torch":143,"minecraft:dirt":1120,"constructionwand:iron_wand":36,"minecraft:carrot":112,"minecraft:granite":1,"minecraft:snowball":12,"mysticalagriculture:infusion_pedestal":8,"minecraft:oak_sapling":25,"torchmaster:megatorch":1,"minecraft:cooked_beef":7,"minecraft:stone_pickaxe":660,"minecraft:crafting_table":2,"constructionwand:stone_wand":98,"minecraft:oak_log":11,"waystones:waystone":1,"minecraft:lever":1,"minecraft:iron_pickaxe":257,"minecraft:stone_axe":585,"minecraft:cobblestone":82,"minecraft:bone_meal":7}},"DataVersion":3337}