{"stats":{"minecraft:mined":{"minecraft:iron_ore":6,"minecraft:andesite":34,"minecraft:crafting_table":1,"minecraft:granite":5,"minecraft:grass_block":3,"minecraft:oak_log":16,"minecraft:gravel":3,"minecraft:dirt":15,"minecraft:copper_ore":5,"minecraft:cobblestone":1,"minecraft:stone":150,"minecraft:wall_torch":1,"mysticalagriculture:inferium_ore":6},"minecraft:crafted":{"minecraft:oak_planks":64,"minecraft:wooden_shovel":1,"minecraft:crafting_table":2,"minecraft:stick":8,"minecraft:wooden_pickaxe":1,"minecraft:stone_pickaxe":2,"minecraft:stone_sword":1,"minecraft:stone_axe":1},"minecraft:dropped":{"minecraft:gravel":2,"minecraft:andesite":38,"minecraft:granite":9},"minecraft:custom":{"minecraft:time_since_rest":14951,"minecraft:waystone_activated":1,"minecraft:interact_with_furnace":1,"minecraft:sprint_one_cm":84076,"minecraft:damage_taken":315,"minecraft:walk_one_cm":41268,"minecraft:mob_kills":1,"minecraft:drop":3,"minecraft:damage_dealt":20,"minecraft:fly_one_cm":17828,"minecraft:interact_with_crafting_table":6,"minecraft:swim_one_cm":7357,"minecraft:play_time":50537,"minecraft:deaths":1,"minecraft:sneak_time":12,"minecraft:walk_under_water_one_cm":2547,"minecraft:jump":283,"minecraft:walk_on_water_one_cm":7619,"minecraft:time_since_death":14910,"minecraft:total_world_time":50537,"minecraft:fall_one_cm":1254},"minecraft:broken":{"minecraft:stone_pickaxe":1},"minecraft:used":{"minecraft:stone_pickaxe":210,"minecraft:wooden_shovel":11,"minecraft:stone_axe":1,"minecraft:dirt":3,"minecraft:cobblestone":10,"minecraft:crafting_table":2},"minecraft:killed_by":{"minecraft:skeleton":1},"minecraft:picked_up":{"minecraft:crafting_table":1,"minecraft:stick":3,"minecraft:raw_iron":10,"born_in_chaos_v1:shattered_skull":1,"minecraft:andesite":38,"minecraft:torch":1,"minecraft:gravel":2,"minecraft:flint":1,"minecraft:oak_log":16,"born_in_chaos_v1:pieceofdarkmetal":3,"silentgear:sinew":1,"minecraft:dirt":18,"minecraft:raw_copper":19,"minecraft:bone":5,"mysticalagriculture:inferium_essence":19,"waystones:waystone":1,"minecraft:granite":9,"minecraft:oak_sapling":13,"minecraft:oak_planks":1,"minecraft:cobblestone":174,"minecraft:egg":1},"minecraft:killed":{"minecraft:zombie":1}},"DataVersion":3337}