{"stats":{"minecraft:dropped":{"minecraft:granite":13,"born_in_chaos_v1:gnawed_bones":1,"constructionwand:iron_wand":3,"minecraft:diorite":8,"mysticalagriculture:prosperity_seed_base":1,"minecraft:dried_kelp":58,"minecraft:chain":1,"mysticalagriculture:prosperity_shard":1,"minecraft:iron_axe":1,"mysticalagriculture:stone_seeds":1,"minecraft:smooth_basalt":1,"minecraft:gravel":6,"minecraft:cobbled_deepslate":24,"minecraft:rotten_flesh":50,"mysticalagriculture:inferium_seeds":1,"supplementaries:ash":1,"mysticalagriculture:inferium_essence":1,"minecraft:andesite":43,"born_in_chaos_v1:corpse_maggot":4,"minecraft:oak_sapling":13},"minecraft:killed":{"born_in_chaos_v1:restless_spirit":2,"born_in_chaos_v1:siamese_skeletonsright":1,"minecraft:skeleton":2,"born_in_chaos_v1:decrepit_skeleton":1,"minecraft:sheep":1,"minecraft:zombie":6,"born_in_chaos_v1:dread_hound":1,"born_in_chaos_v1:corpse_fly":3,"born_in_chaos_v1:siamese_skeletonsleft":1,"minecraft:cow":3},"minecraft:custom":{"minecraft:mob_kills":23,"minecraft:interact_with_crafting_table":83,"minecraft:damage_dealt_resisted":6,"minecraft:leave_game":2,"minecraft:time_since_death":27346,"minecraft:climb_one_cm":75,"minecraft:sprint_one_cm":345922,"minecraft:walk_one_cm":1007481,"minecraft:drop":35,"minecraft:play_time":388921,"minecraft:deaths":17,"minecraft:sneak_time":31191,"minecraft:walk_under_water_one_cm":46268,"minecraft:jump":1160,"minecraft:walk_on_water_one_cm":36933,"minecraft:total_world_time":388921,"minecraft:interact_with_furnace":105,"minecraft:sleep_in_bed":11,"minecraft:time_since_rest":6958,"minecraft:waystone_activated":3,"minecraft:damage_taken":5420,"minecraft:use_wand":780,"minecraft:damage_dealt":4570,"minecraft:swim_one_cm":17038,"minecraft:fly_one_cm":49818,"minecraft:open_chest":169,"minecraft:crouch_one_cm":43860,"minecraft:fall_one_cm":27806},"minecraft:crafted":{"minecraft:oak_planks":120,"silentgear:chestplate":1,"minecraft:stone_shovel":10,"minecraft:stone":64,"silentgear:leggings":1,"silentgear:boots":1,"minecraft:iron_boots":1,"minecraft:stone_pickaxe":5,"minecraft:chest":7,"minecraft:dried_kelp_block":37,"minecraft:stone_hoe":1,"minecraft:cooked_beef":7,"minecraft:cooked_cod":7,"minecraft:wooden_shovel":1,"minecraft:crafting_table":2,"minecraft:iron_helmet":1,"minecraft:dried_kelp":34,"minecraft:wooden_pickaxe":1,"constructionwand:iron_wand":1,"minecraft:iron_sword":1,"minecraft:birch_planks":52,"minecraft:stone_axe":5,"minecraft:air":0,"minecraft:iron_chestplate":1,"minecraft:charcoal":15,"naturescompass:naturescompass":1,"constructionwand:stone_wand":5,"minecraft:stick":32,"minecraft:iron_ingot":53,"minecraft:compass":1,"minecraft:iron_pickaxe":1,"minecraft:stone_sword":1,"minecraft:gold_ingot":31,"minecraft:iron_leggings":1,"silentgear:helmet":1,"minecraft:torch":96,"minecraft:shears":1},"minecraft:killed_by":{"endofherobrine:cow":4,"born_in_chaos_v1:zombie_bruiser":1,"minecraft:skeleton":4,"born_in_chaos_v1:door_knight":2},"minecraft:picked_up":{"minecraft:crafting_table":2,"aether:iron_gloves":1,"minecraft:chain":1,"silentgear:sinew":6,"minecraft:raw_copper":38,"minecraft:iron_axe":1,"born_in_chaos_v1:intoxicating_decoction":2,"minecraft:oak_sign":2,"mysticalagriculture:inferium_essence":107,"minecraft:cobbled_deepslate":24,"minecraft:beef":7,"minecraft:redstone_torch":3,"born_in_chaos_v1:gnawed_bones":2,"minecraft:light_gray_wool":1,"minecraft:chest":1,"minecraft:sugar_cane":11,"minecraft:birch_sapling":18,"minecraft:egg":3,"minecraft:stick":122,"minecraft:raw_iron":108,"born_in_chaos_v1:shattered_skull":1,"minecraft:torch":61,"mysticalagriculture:prosperity_shard":148,"minecraft:dried_kelp":110,"minecraft:diorite":8,"born_in_chaos_v1:pieceofdarkmetal":3,"minecraft:carrot":164,"minecraft:redstone":4,"minecraft:arrow":3,"minecraft:rotten_flesh":35,"born_in_chaos_v1:spiny_shell":2,"supplementaries:ash":1,"minecraft:mutton":2,"minecraft:snowball":20,"minecraft:white_wool":16,"minecraft:cobblestone":360,"born_in_chaos_v1:fused_bone":2,"minecraft:birch_log":35,"born_in_chaos_v1:corpse_maggot":4,"minecraft:iron_door":1,"minecraft:andesite":43,"minecraft:leather":4,"minecraft:brown_wool":3,"minecraft:flint":4,"minecraft:oak_log":646,"minecraft:lapis_lazuli":28,"minecraft:dirt":1150,"constructionwand:iron_wand":3,"born_in_chaos_v1:monster_skin":17,"minecraft:bone":11,"minecraft:apple":21,"minecraft:bow":1,"minecraft:wheat_seeds":6,"minecraft:raw_gold":29,"minecraft:oak_planks":8,"minecraft:smooth_basalt":1,"born_in_chaos_v1:ethereal_spirit":1,"torchmaster:megatorch":1,"minecraft:gravel":6,"minecraft:sand":64,"silentgear:bort":1,"minecraft:diamond":2,"immersiveengineering:seed":6,"waystones:waystone":1,"minecraft:granite":14,"minecraft:gray_wool":2,"minecraft:oak_sapling":265,"minecraft:coal":61},"minecraft:mined":{"mysticalagriculture:prosperity_ore":21,"minecraft:oak_sapling":1,"minecraft:deepslate_diamond_ore":2,"minecraft:sea_lantern":1,"minecraft:granite":10,"minecraft:grass_block":667,"mysticalagriculture:inferium_ore":31,"minecraft:carrots":29,"minecraft:iron_ore":101,"minecraft:snow":31,"minecraft:andesite":40,"minecraft:deepslate_lapis_ore":5,"silentgear:deepslate_bort_ore":1,"minecraft:oak_sign":2,"minecraft:deepslate_iron_ore":3,"minecraft:stone":361,"minecraft:redstone_wall_torch":3,"minecraft:crafting_table":1,"minecraft:torch":60,"minecraft:copper_ore":5,"minecraft:cobblestone":18,"minecraft:deepslate_gold_ore":23,"minecraft:sugar_cane":4,"endofherobrine:mossy_stone_bricks":1,"minecraft:diorite":8,"minecraft:iron_door":1,"minecraft:wall_torch":2,"minecraft:birch_log":35,"minecraft:birch_leaves":1,"minecraft:grass":10,"minecraft:oak_log":418,"minecraft:coal_ore":62,"minecraft:gravel":10,"minecraft:sand":64,"minecraft:dirt":531,"mysticalagriculture:deepslate_prosperity_ore":23,"minecraft:gold_ore":6,"minecraft:oak_leaves":169,"minecraft:deepslate":25},"minecraft:broken":{"minecraft:wooden_shovel":1,"constructionwand:stone_wand":4,"minecraft:stone_pickaxe":5,"constructionwand:iron_wand":1,"minecraft:stone_axe":4,"minecraft:stone_shovel":9},"minecraft:used":{"minecraft:stone_sword":25,"minecraft:stone_shovel":1189,"minecraft:chest":5,"minecraft:iron_sword":76,"minecraft:wooden_shovel":59,"minecraft:stone_hoe":60,"minecraft:iron_chestplate":1,"minecraft:torch":142,"minecraft:dirt":1120,"constructionwand:iron_wand":36,"minecraft:carrot":87,"minecraft:granite":1,"minecraft:snowball":12,"minecraft:oak_sapling":25,"torchmaster:megatorch":1,"minecraft:cooked_beef":7,"minecraft:stone_pickaxe":660,"minecraft:crafting_table":2,"constructionwand:stone_wand":98,"minecraft:oak_log":11,"waystones:waystone":1,"minecraft:iron_pickaxe":99,"minecraft:stone_axe":580,"minecraft:cobblestone":78}},"DataVersion":3337}