{"stats":{"minecraft:used":{"minecraft:iron_shovel":23,"minecraft:oak_sign":4,"minecraft:chest":5,"minecraft:shield":4,"minecraft:iron_sword":133,"minecraft:stone":179,"mysticalagriculture:infusion_altar":1,"minecraft:iron_chestplate":1,"minecraft:soul_campfire":11,"constructionwand:iron_wand":36,"minecraft:carrot":120,"ironchest:iron_chest":2,"immersiveengineering:cokebrick":3,"minecraft:snowball":12,"mysticalagriculture:inferium_seeds":86,"mysticalagriculture:supremium_axe":80,"minecraft:grass_block":412,"constructionwand:infinity_wand":123,"mutantmonsters:hulk_hammer":6,"minecraft:oak_sapling":25,"minecraft:potato":83,"mysticalagriculture:supremium_sword":69,"minecraft:stone_pickaxe":660,"twilightforest:uncrafting_table":1,"minecraft:oak_leaves":9,"mysticalagriculture:inferium_farmland":277,"mysticalagriculture:supremium_hoe":2,"waystones:waystone":1,"minecraft:lever":1,"immersiveengineering:hammer":2,"twilightforest:meef_stroganoff":1,"minecraft:bone_meal":7,"minecraft:oak_fence":40,"minecraft:stone_sword":25,"minecraft:flint_and_steel":2,"minecraft:armor_stand":2,"minecraft:stone_shovel":1313,"minecraft:wooden_shovel":59,"minecraft:stone_hoe":61,"minecraft:torch":228,"minecraft:dirt":1422,"minecraft:anvil":1,"minecraft:granite":1,"mysticalagriculture:infusion_pedestal":8,"ironchest:gold_chest":9,"torchmaster:megatorch":2,"minecraft:cooked_beef":7,"minecraft:wheat_seeds":162,"minecraft:water_bucket":5,"minecraft:baked_potato":12,"mysticalagriculture:inferium_furnace":5,"minecraft:oak_slab":2,"minecraft:tnt":2,"minecraft:crafting_table":2,"constructionwand:stone_wand":119,"minecraft:oak_log":11,"twilightforest:mazebreaker_pickaxe":110,"minecraft:wooden_hoe":72,"minecraft:iron_pickaxe":257,"mysticalagriculture:iron_seeds":80,"minecraft:stone_axe":588,"minecraft:cobblestone":82,"minecraft:white_banner":1,"minecraft:bucket":3},"minecraft:killed":{"born_in_chaos_v1:restless_spirit":2,"born_in_chaos_v1:zombie_lumberjack":1,"twilightforest:maze_slime":9,"twilightforest:lich_minion":2,"born_in_chaos_v1:siamese_skeletonsright":1,"minecraft:skeleton":4,"twilightforest:pinch_beetle":1,"twilightforest:minotaur":7,"twilightforest:slime_beetle":5,"born_in_chaos_v1:diamond_termite":5,"minecraft:creeper":1,"minecraft:sheep":1,"minecraft:zombie":11,"born_in_chaos_v1:dread_hound":1,"born_in_chaos_v1:corpse_fly":3,"born_in_chaos_v1:siamese_skeletonsleft":1,"minecraft:cow":3,"twilightforest:fire_beetle":1,"twilightforest:kobold":1,"born_in_chaos_v1:decrepit_skeleton":1,"mutantmonsters:mutant_zombie":1},"minecraft:crafted":{"minecraft:oak_planks":120,"silentgear:chestplate":1,"minecraft:stone":64,"silentgear:leggings":1,"minecraft:lever":1,"mysticalagriculture:prosperity_seed_base":5,"immersiveengineering:ingot_silver":5,"minecraft:iron_boots":3,"mysticalagriculture:watering_can":1,"minecraft:chest":7,"minecraft:dried_kelp_block":37,"minecraft:stone_hoe":1,"minecraft:wooden_shovel":1,"minecraft:crafting_table":2,"constructionwand:iron_wand":1,"minecraft:iron_helmet":1,"minecraft:wooden_pickaxe":1,"minecraft:red_wool":9,"minecraft:birch_planks":52,"minecraft:iron_chestplate":1,"minecraft:charcoal":15,"naturescompass:naturescompass":1,"constructionwand:stone_wand":5,"minecraft:stick":32,"minecraft:iron_ingot":76,"minecraft:compass":1,"minecraft:iron_pickaxe":1,"minecraft:stone_sword":1,"minecraft:gold_ingot":58,"silentgear:helmet":1,"minecraft:shears":1,"minecraft:stone_shovel":10,"mysticalagriculture:inferium_farmland":39,"mysticalagriculture:infusion_pedestal":8,"minecraft:bone_meal":12,"minecraft:flint_and_steel":1,"silentgear:boots":1,"minecraft:iron_hoe":1,"minecraft:stone_pickaxe":5,"minecraft:cooked_beef":7,"minecraft:red_dye":9,"minecraft:cooked_cod":7,"mysticalagriculture:inferium_seeds":14,"minecraft:dried_kelp":34,"minecraft:iron_sword":1,"minecraft:bowl":4,"revampedwolf:iron_wolf_armor":1,"minecraft:bucket":2,"minecraft:stone_axe":6,"minecraft:orange_dye":1,"minecraft:air":0,"mysticalagriculture:infusion_altar":1,"minecraft:iron_shovel":1,"minecraft:iron_leggings":1,"minecraft:torch":96},"minecraft:dropped":{"twilightforest:nagastone":2,"naturescompass:naturescompass":1,"minecraft:iron_sword":2,"twilightforest:mazestone_brick":20,"minecraft:baked_potato":250,"mysticalagriculture:supremium_essence":64,"twilightforest:naga_scale":9,"twilightforest:mazebreaker_pickaxe":1,"mysticalagriculture:supremium_gemstone":64,"mysticalagriculture:prudentium_gemstone":64,"constructionwand:iron_wand":3,"minecraft:chain":1,"minecraft:iron_pickaxe":1,"mysticalagriculture:stone_seeds":1,"mysticalagriculture:prudentium_ingot":64,"twilightforest:decorative_mazestone":51,"minecraft:gravel":6,"twilightforest:cracked_mazestone":4,"minecraft:compass":1,"minecraft:cobbled_deepslate":24,"mysticalagriculture:prudentium_essence":64,"mysticalagriculture:imperium_ingot":64,"minecraft:rotten_flesh":56,"mysticalagriculture:supremium_sword":1,"minecraft:cooked_mutton":8,"immersiveengineering:craftingtable":1,"mysticalagriculture:inferium_seeds":129,"twilightforest:mazestone":29,"minecraft:carrot":126,"mysticalagriculture:supremium_ingot":64,"mysticalagriculture:tertium_ingot":64,"mysticalagriculture:prosperity_ingot":64,"mysticalagriculture:supremium_helmet":1,"supplementaries:ash":1,"mysticalagriculture:inferium_essence":66,"born_in_chaos_v1:corpse_maggot":4,"minecraft:painting":10,"mysticalagriculture:tertium_gemstone":64,"twilightforest:zombie_scepter":1,"minecraft:water_bucket":1,"minecraft:wheat_seeds":1,"mysticalagriculture:supremium_boots":1,"mysticalagriculture:inferium_gemstone":64,"minecraft:oak_fence":1,"minecraft:granite":14,"twilightforest:mazestone_mosaic":73,"immersiveengineering:stick_iron":48,"minecraft:stick":13,"mysticalagriculture:supremium_leggings":1,"twilightforest:naga_trophy":1,"born_in_chaos_v1:gnawed_bones":1,"minecraft:diorite":8,"mysticalagriculture:prosperity_seed_base":1,"minecraft:dried_kelp":58,"minecraft:oak_stairs":1,"mysticalagriculture:prosperity_shard":193,"mysticalagriculture:inferium_ingot":64,"minecraft:iron_axe":2,"minecraft:iron_shovel":1,"minecraft:smooth_basalt":1,"mysticalagriculture:imperium_gemstone":64,"mysticalagriculture:imperium_essence":64,"minecraft:tuff":8,"mysticalagriculture:prosperity_gemstone":64,"minecraft:shield":2,"mysticalagriculture:tertium_essence":64,"minecraft:andesite":46,"minecraft:oak_sapling":13,"explorerscompass:explorerscompass":1,"mysticalagriculture:supremium_chestplate":1,"minecraft:bow":1,"mysticalagriculture:soulium_ingot":64,"twilightforest:mossy_mazestone":2},"minecraft:picked_up":{"minecraft:wheat":80,"mysticalagriculture:supremium_sword":1,"aether:iron_gloves":1,"immersiveengineering:craftingtable":1,"minecraft:oak_stairs":1,"mysticalagriculture:prosperity_seed_base":1,"silentgear:sinew":6,"minecraft:string":2,"minecraft:raw_copper":38,"mysticalagriculture:tertium_ingot":64,"minecraft:oak_sign":3,"minecraft:cobbled_deepslate":39,"mysticalagriculture:inferium_essence":191,"minecraft:gold_nugget":22,"twilightforest:mazebreaker_pickaxe":1,"minecraft:redstone_torch":3,"minecraft:written_book":1,"minecraft:iron_pickaxe":1,"mysticalagriculture:prudentium_gemstone":64,"minecraft:stick":127,"immersiveengineering:shader_bag_epic":1,"twilightforest:magic_map":1,"born_in_chaos_v1:shattered_skull":1,"explorerscompass:explorerscompass":1,"minecraft:oak_fence":2,"mysticalagriculture:imperium_essence":64,"mysticalagriculture:prosperity_shard":344,"minecraft:torch":82,"minecraft:acacia_log":1,"minecraft:dried_kelp":110,"mysticalagriculture:inferium_seeds":134,"minecraft:pointed_dripstone":3,"minecraft:diorite":8,"mysticalagriculture:imperium_gemstone":64,"mutantmonsters:hulk_hammer":1,"minecraft:rotten_flesh":41,"minecraft:green_wool":1,"mysticalagriculture:prudentium_essence":64,"supplementaries:ash":1,"minecraft:iron_bars":17,"mysticalagriculture:soulium_ingot":64,"minecraft:snowball":20,"minecraft:cobblestone":366,"minecraft:birch_log":37,"minecraft:iron_door":1,"mysticalagriculture:prosperity_gemstone":64,"minecraft:andesite":46,"minecraft:brown_wool":4,"minecraft:potato":1,"minecraft:flint":6,"minecraft:tuff":8,"twilightforest:mossy_mazestone":2,"mysticalagriculture:supremium_gemstone":64,"mysticalagriculture:dirt_seeds":5,"minecraft:lapis_lazuli":28,"minecraft:dirt":1355,"mysticalagriculture:supremium_helmet":1,"constructionwand:iron_wand":3,"born_in_chaos_v1:monster_skin":17,"born_in_chaos_v1:marigolds":1,"minecraft:bone":20,"minecraft:bow":2,"minecraft:wheat_seeds":249,"minecraft:raw_gold":50,"twilightforest:decorative_mazestone":50,"minecraft:oak_planks":8,"twilightforest:mazestone_brick":18,"mysticalagriculture:inferium_ingot":64,"torchmaster:megatorch":1,"mysticalagriculture:supremium_chestplate":1,"minecraft:sand":64,"twilightforest:canopy_log":1,"mysticalagriculture:prosperity_ingot":64,"twilightforest:charm_of_keeping_1":1,"minecraft:diamond":6,"waystones:waystone":1,"minecraft:granite":15,"minecraft:bone_meal":7,"minecraft:oak_sapling":271,"minecraft:crafting_table":2,"born_in_chaos_v1:diamond_termite_shard":2,"mysticalagriculture:supremium_ingot":64,"minecraft:brown_mushroom":2,"mysticalagriculture:imperium_ingot":64,"twilightforest:nagastone":4,"minecraft:chain":1,"minecraft:shield":1,"immersiveengineering:stick_iron":48,"minecraft:iron_axe":1,"mysticalagriculture:tertium_essence":64,"born_in_chaos_v1:intoxicating_decoction":2,"minecraft:compass":1,"minecraft:iron_shovel":1,"minecraft:beef":7,"born_in_chaos_v1:gnawed_bones":2,"minecraft:poppy":34,"minecraft:light_gray_wool":1,"minecraft:sugar_cane":11,"minecraft:chest":1,"minecraft:birch_sapling":18,"minecraft:egg":3,"minecraft:raw_iron":193,"twilightforest:zombie_scepter":1,"born_in_chaos_v1:pieceofdarkmetal":5,"minecraft:carrot":421,"minecraft:redstone":4,"twilightforest:raw_meef":6,"minecraft:arrow":8,"mysticalagriculture:supremium_boots":1,"twilightforest:mazestone_mosaic":39,"born_in_chaos_v1:spiny_shell":2,"mysticalagriculture:inferium_gemstone":64,"minecraft:mutton":2,"minecraft:white_wool":16,"born_in_chaos_v1:fused_bone":2,"born_in_chaos_v1:corpse_maggot":4,"minecraft:leather":4,"mysticalagriculture:prudentium_ingot":64,"minecraft:red_mushroom":2,"minecraft:oak_log":651,"minecraft:gunpowder":1,"minecraft:white_banner":1,"minecraft:cooked_mutton":12,"minecraft:apple":21,"mysticalagriculture:supremium_essence":64,"minecraft:iron_sword":1,"twilightforest:cracked_mazestone":1,"minecraft:smooth_basalt":1,"born_in_chaos_v1:ethereal_spirit":1,"minecraft:dandelion":14,"minecraft:dripstone_block":4,"minecraft:gravel":6,"silentgear:bort":1,"mysticalagriculture:supremium_leggings":1,"minecraft:dried_kelp_block":15,"minecraft:slime_ball":12,"immersiveengineering:seed":29,"minecraft:stone_axe":2,"mysticalagriculture:tertium_gemstone":64,"minecraft:painting":17,"minecraft:gray_wool":2,"naturescompass:naturescompass":1,"minecraft:baked_potato":127,"minecraft:coal":61,"immersiveengineering:raw_silver":1},"minecraft:custom":{"minecraft:interact_with_crafting_table":110,"minecraft:leave_game":7,"minecraft:time_since_death":137336,"minecraft:damage_resisted":37,"minecraft:sprint_one_cm":557452,"minecraft:damage_blocked_by_shield":195,"minecraft:drop":108,"minecraft:play_time":689281,"minecraft:deaths":29,"minecraft:jump":1870,"minecraft:walk_on_water_one_cm":45201,"minecraft:interact_with_furnace":130,"twilightforest:uncrafting_table_interactions":2,"minecraft:sleep_in_bed":11,"minecraft:waystone_activated":4,"minecraft:damage_dealt":15087,"minecraft:crouch_one_cm":51016,"minecraft:interact_with_anvil":1,"minecraft:mob_kills":64,"minecraft:damage_dealt_resisted":126,"minecraft:climb_one_cm":75,"minecraft:walk_one_cm":1630390,"minecraft:sneak_time":34363,"minecraft:walk_under_water_one_cm":53080,"minecraft:total_world_time":689281,"minecraft:time_since_rest":137369,"minecraft:damage_taken":10594,"minecraft:use_wand":1643,"minecraft:swim_one_cm":19903,"minecraft:fly_one_cm":1287279,"minecraft:open_chest":366,"minecraft:fall_one_cm":56857},"minecraft:mined":{"minecraft:oak_sapling":1,"minecraft:granite":11,"minecraft:grass_block":795,"twilightforest:decorative_mazestone":31,"minecraft:brown_wool":1,"mysticalagriculture:inferium_ore":31,"minecraft:spawner":1,"minecraft:iron_ore":137,"minecraft:deepslate_lapis_ore":5,"silentgear:deepslate_bort_ore":1,"minecraft:pointed_dripstone":1,"minecraft:oak_sign":3,"minecraft:oak_stairs":1,"minecraft:iron_bars":16,"minecraft:white_banner":1,"born_in_chaos_v1:infected_deepslate_diamond_ore":2,"minecraft:torch":61,"mysticalagriculture:inferium_crop":5,"minecraft:poppy":29,"minecraft:cobblestone":18,"minecraft:sugar_cane":4,"minecraft:oak_planks":1,"minecraft:iron_door":1,"minecraft:wall_torch":3,"minecraft:birch_log":35,"minecraft:wheat":80,"minecraft:tnt":16,"minecraft:grass":162,"minecraft:oak_log":422,"minecraft:sand":64,"minecraft:dirt":635,"mysticalagriculture:deepslate_prosperity_ore":24,"minecraft:oak_leaves":171,"minecraft:deepslate":40,"mysticalagriculture:prosperity_ore":24,"minecraft:diamond_ore":2,"minecraft:tuff":9,"minecraft:deepslate_diamond_ore":3,"twilightforest:cracked_mazestone":1,"minecraft:sea_lantern":1,"born_in_chaos_v1:infected_diamond_ore":3,"twilightforest:mazestone_mosaic":35,"minecraft:carrots":101,"minecraft:snow":31,"minecraft:andesite":43,"minecraft:deepslate_iron_ore":53,"minecraft:stone":366,"minecraft:green_wool":1,"minecraft:redstone_wall_torch":3,"born_in_chaos_v1:marigolds":1,"minecraft:dandelion":13,"minecraft:crafting_table":1,"twilightforest:mazestone_brick":5,"twilightforest:nagastone":2,"minecraft:tall_grass":16,"minecraft:copper_ore":5,"minecraft:deepslate_gold_ore":44,"endofherobrine:mossy_stone_bricks":1,"minecraft:diorite":8,"supplementaries:urn":1,"twilightforest:mossy_mazestone":1,"minecraft:birch_leaves":1,"minecraft:coal_ore":62,"minecraft:gravel":10,"minecraft:dripstone_block":4,"minecraft:gold_ore":6},"minecraft:broken":{"minecraft:wooden_shovel":1,"minecraft:stone_pickaxe":5,"constructionwand:iron_wand":1,"minecraft:stone_axe":4,"minecraft:stone_shovel":10,"constructionwand:stone_wand":4,"minecraft:iron_pickaxe":1},"minecraft:killed_by":{"endofherobrine:cow":4,"born_in_chaos_v1:nightmare_stalker":1,"minecraft:creeper":3,"born_in_chaos_v1:zombie_bruiser":1,"twilightforest:lich":1,"minecraft:skeleton":9,"born_in_chaos_v1:door_knight":2}},"DataVersion":3337}