{"stats":{"minecraft:mined":{"minecraft:crafting_table":1,"minecraft:granite":5,"minecraft:grass_block":223,"minecraft:copper_ore":5,"minecraft:cobblestone":1,"minecraft:wall_torch":1,"mysticalagriculture:inferium_ore":6,"minecraft:birch_log":35,"minecraft:iron_ore":6,"minecraft:snow":31,"minecraft:andesite":34,"minecraft:birch_leaves":1,"minecraft:grass":6,"minecraft:coal_ore":1,"minecraft:oak_log":134,"minecraft:gravel":3,"minecraft:dirt":352,"minecraft:stone":232,"minecraft:oak_leaves":109},"minecraft:custom":{"minecraft:interact_with_furnace":71,"minecraft:mob_kills":10,"minecraft:interact_with_crafting_table":31,"minecraft:damage_dealt_resisted":6,"minecraft:leave_game":1,"minecraft:time_since_death":363,"minecraft:sleep_in_bed":8,"minecraft:time_since_rest":392,"minecraft:waystone_activated":3,"minecraft:sprint_one_cm":165062,"minecraft:damage_taken":3302,"minecraft:walk_one_cm":392245,"minecraft:drop":14,"minecraft:use_wand":227,"minecraft:damage_dealt":1269,"minecraft:swim_one_cm":7357,"minecraft:fly_one_cm":33412,"minecraft:open_chest":48,"minecraft:crouch_one_cm":32248,"minecraft:play_time":187623,"minecraft:deaths":12,"minecraft:sneak_time":27719,"minecraft:walk_under_water_one_cm":4437,"minecraft:jump":641,"minecraft:walk_on_water_one_cm":13090,"minecraft:total_world_time":187623,"minecraft:fall_one_cm":9365},"minecraft:dropped":{"minecraft:gravel":2,"minecraft:rotten_flesh":11,"minecraft:granite":9,"constructionwand:iron_wand":2,"minecraft:andesite":38,"born_in_chaos_v1:corpse_maggot":4,"minecraft:oak_sapling":13,"minecraft:dried_kelp":58},"minecraft:broken":{"minecraft:stone_pickaxe":2,"minecraft:wooden_shovel":1,"minecraft:stone_axe":1,"minecraft:stone_shovel":3},"minecraft:crafted":{"minecraft:cooked_beef":7,"minecraft:cooked_cod":7,"minecraft:oak_planks":116,"minecraft:wooden_shovel":1,"minecraft:stone_shovel":4,"minecraft:crafting_table":2,"minecraft:dried_kelp":34,"minecraft:wooden_pickaxe":1,"constructionwand:iron_wand":1,"minecraft:iron_sword":1,"minecraft:stone_axe":2,"minecraft:air":0,"minecraft:charcoal":15,"minecraft:stick":32,"minecraft:iron_ingot":12,"minecraft:iron_pickaxe":1,"minecraft:stone_pickaxe":4,"minecraft:stone_sword":1,"minecraft:chest":2,"minecraft:dried_kelp_block":2},"minecraft:used":{"minecraft:stone_sword":25,"minecraft:stone_shovel":500,"minecraft:stone_pickaxe":297,"minecraft:chest":2,"minecraft:iron_sword":5,"minecraft:wooden_shovel":59,"constructionwand:iron_wand":33,"minecraft:dirt":470,"minecraft:crafting_table":2,"minecraft:snowball":12,"minecraft:oak_log":11,"waystones:waystone":1,"minecraft:stone_axe":209,"minecraft:cobblestone":10,"minecraft:oak_sapling":25,"torchmaster:megatorch":1},"minecraft:killed_by":{"endofherobrine:cow":4,"minecraft:skeleton":3,"born_in_chaos_v1:door_knight":2},"minecraft:picked_up":{"minecraft:birch_log":35,"born_in_chaos_v1:corpse_maggot":4,"minecraft:crafting_table":1,"minecraft:andesite":38,"minecraft:brown_wool":1,"minecraft:leather":4,"minecraft:flint":1,"minecraft:oak_log":128,"silentgear:sinew":3,"minecraft:dirt":534,"constructionwand:iron_wand":2,"minecraft:raw_copper":19,"born_in_chaos_v1:monster_skin":8,"born_in_chaos_v1:intoxicating_decoction":2,"minecraft:bone":8,"minecraft:apple":5,"minecraft:wheat_seeds":3,"mysticalagriculture:inferium_essence":22,"minecraft:beef":7,"minecraft:birch_sapling":9,"minecraft:oak_planks":1,"minecraft:egg":1,"minecraft:stick":37,"minecraft:raw_iron":10,"born_in_chaos_v1:shattered_skull":1,"minecraft:torch":1,"torchmaster:megatorch":1,"minecraft:gravel":2,"minecraft:dried_kelp":74,"born_in_chaos_v1:pieceofdarkmetal":3,"minecraft:arrow":1,"minecraft:rotten_flesh":11,"immersiveengineering:seed":2,"waystones:waystone":1,"minecraft:granite":9,"minecraft:oak_sapling":75,"minecraft:mutton":2,"minecraft:coal":1,"minecraft:snowball":16,"minecraft:cobblestone":239},"minecraft:killed":{"born_in_chaos_v1:decrepit_skeleton":1,"minecraft:skeleton":1,"minecraft:sheep":1,"minecraft:zombie":1,"born_in_chaos_v1:corpse_fly":3,"minecraft:cow":3}},"DataVersion":3337}