{"stats":{"minecraft:dropped":{"minecraft:gravel":2,"minecraft:rotten_flesh":46,"minecraft:granite":9,"constructionwand:iron_wand":3,"minecraft:diorite":8,"minecraft:andesite":43,"born_in_chaos_v1:corpse_maggot":4,"minecraft:oak_sapling":13,"minecraft:dried_kelp":58},"minecraft:killed":{"born_in_chaos_v1:restless_spirit":2,"born_in_chaos_v1:siamese_skeletonsright":1,"born_in_chaos_v1:decrepit_skeleton":1,"minecraft:sheep":1,"minecraft:skeleton":1,"born_in_chaos_v1:dread_hound":1,"minecraft:zombie":4,"born_in_chaos_v1:corpse_fly":3,"born_in_chaos_v1:siamese_skeletonsleft":1,"minecraft:cow":3},"minecraft:custom":{"minecraft:interact_with_furnace":78,"minecraft:mob_kills":18,"minecraft:interact_with_crafting_table":51,"minecraft:damage_dealt_resisted":6,"minecraft:leave_game":2,"minecraft:time_since_death":546,"minecraft:sleep_in_bed":10,"minecraft:time_since_rest":579,"minecraft:waystone_activated":3,"minecraft:sprint_one_cm":272936,"minecraft:damage_taken":4207,"minecraft:walk_one_cm":893861,"minecraft:drop":21,"minecraft:damage_dealt":3331,"minecraft:use_wand":780,"minecraft:swim_one_cm":11348,"minecraft:fly_one_cm":39178,"minecraft:open_chest":105,"minecraft:crouch_one_cm":43817,"minecraft:play_time":328921,"minecraft:deaths":15,"minecraft:sneak_time":31111,"minecraft:walk_under_water_one_cm":19339,"minecraft:jump":975,"minecraft:walk_on_water_one_cm":23212,"minecraft:total_world_time":328921,"minecraft:fall_one_cm":22145},"minecraft:crafted":{"minecraft:cooked_beef":7,"minecraft:cooked_cod":7,"minecraft:oak_planks":120,"minecraft:wooden_shovel":1,"minecraft:stone_shovel":10,"minecraft:crafting_table":2,"minecraft:dried_kelp":34,"minecraft:wooden_pickaxe":1,"constructionwand:iron_wand":1,"minecraft:iron_sword":1,"minecraft:stone_axe":5,"minecraft:air":0,"minecraft:charcoal":15,"constructionwand:stone_wand":5,"minecraft:stick":32,"minecraft:iron_ingot":17,"minecraft:iron_pickaxe":1,"minecraft:stone_pickaxe":5,"minecraft:stone_sword":1,"minecraft:chest":4,"minecraft:dried_kelp_block":2,"minecraft:torch":96,"minecraft:stone_hoe":1},"minecraft:killed_by":{"endofherobrine:cow":4,"minecraft:skeleton":3,"born_in_chaos_v1:zombie_bruiser":1,"born_in_chaos_v1:door_knight":2},"minecraft:picked_up":{"minecraft:birch_log":35,"born_in_chaos_v1:corpse_maggot":4,"minecraft:crafting_table":2,"minecraft:iron_door":1,"minecraft:andesite":43,"minecraft:brown_wool":1,"minecraft:leather":4,"minecraft:flint":4,"minecraft:oak_log":646,"minecraft:chain":1,"silentgear:sinew":3,"minecraft:dirt":1150,"constructionwand:iron_wand":3,"minecraft:raw_copper":38,"born_in_chaos_v1:monster_skin":17,"born_in_chaos_v1:intoxicating_decoction":2,"minecraft:bone":8,"minecraft:oak_sign":2,"minecraft:apple":21,"minecraft:wheat_seeds":6,"mysticalagriculture:inferium_essence":107,"minecraft:cobbled_deepslate":14,"minecraft:raw_gold":14,"minecraft:beef":7,"born_in_chaos_v1:gnawed_bones":1,"minecraft:redstone_torch":3,"minecraft:sugar_cane":11,"minecraft:chest":1,"minecraft:birch_sapling":18,"minecraft:oak_planks":8,"minecraft:egg":2,"minecraft:stick":122,"minecraft:raw_iron":105,"born_in_chaos_v1:shattered_skull":1,"mysticalagriculture:prosperity_shard":58,"minecraft:torch":61,"born_in_chaos_v1:ethereal_spirit":1,"minecraft:gravel":6,"torchmaster:megatorch":1,"minecraft:sand":64,"minecraft:dried_kelp":99,"minecraft:diorite":8,"born_in_chaos_v1:pieceofdarkmetal":3,"minecraft:carrot":103,"minecraft:arrow":2,"minecraft:rotten_flesh":35,"immersiveengineering:seed":6,"waystones:waystone":1,"minecraft:granite":14,"minecraft:oak_sapling":265,"minecraft:mutton":2,"minecraft:coal":61,"minecraft:snowball":20,"minecraft:cobblestone":352,"born_in_chaos_v1:fused_bone":2},"minecraft:mined":{"mysticalagriculture:prosperity_ore":21,"minecraft:oak_sapling":1,"minecraft:sea_lantern":1,"minecraft:torch":60,"minecraft:crafting_table":1,"minecraft:granite":10,"minecraft:grass_block":667,"minecraft:copper_ore":5,"minecraft:cobblestone":10,"minecraft:deepslate_gold_ore":8,"minecraft:diorite":8,"minecraft:sugar_cane":4,"endofherobrine:mossy_stone_bricks":1,"mysticalagriculture:inferium_ore":31,"minecraft:iron_door":1,"minecraft:wall_torch":2,"minecraft:carrots":29,"minecraft:birch_log":35,"minecraft:iron_ore":101,"minecraft:snow":31,"minecraft:birch_leaves":1,"minecraft:andesite":40,"minecraft:grass":8,"minecraft:coal_ore":62,"minecraft:oak_log":418,"minecraft:oak_sign":2,"minecraft:gravel":10,"minecraft:sand":64,"minecraft:dirt":531,"minecraft:stone":361,"minecraft:deepslate":14,"minecraft:gold_ore":6,"minecraft:oak_leaves":169,"minecraft:redstone_wall_torch":3},"minecraft:broken":{"minecraft:stone_pickaxe":4,"minecraft:wooden_shovel":1,"constructionwand:iron_wand":1,"minecraft:stone_axe":4,"constructionwand:stone_wand":4,"minecraft:stone_shovel":9},"minecraft:used":{"minecraft:stone_sword":25,"minecraft:stone_shovel":1189,"minecraft:stone_pickaxe":656,"minecraft:chest":5,"minecraft:iron_sword":47,"minecraft:stone_hoe":60,"minecraft:wooden_shovel":59,"minecraft:torch":142,"minecraft:dirt":1120,"constructionwand:iron_wand":36,"minecraft:crafting_table":2,"minecraft:carrot":85,"constructionwand:stone_wand":98,"minecraft:snowball":12,"waystones:waystone":1,"minecraft:oak_log":11,"minecraft:iron_pickaxe":35,"minecraft:stone_axe":580,"minecraft:cobblestone":45,"minecraft:oak_sapling":25,"torchmaster:megatorch":1,"minecraft:cooked_beef":2}},"DataVersion":3337}