{"stats":{"minecraft:mined":{"minecraft:sea_lantern":1,"minecraft:torch":2,"minecraft:crafting_table":1,"minecraft:granite":5,"minecraft:grass_block":575,"minecraft:copper_ore":5,"minecraft:cobblestone":1,"minecraft:sugar_cane":4,"endofherobrine:mossy_stone_bricks":1,"minecraft:iron_door":1,"minecraft:wall_torch":2,"mysticalagriculture:inferium_ore":6,"minecraft:birch_log":35,"minecraft:iron_ore":6,"minecraft:snow":31,"minecraft:andesite":34,"minecraft:birch_leaves":1,"minecraft:grass":8,"minecraft:coal_ore":1,"minecraft:oak_log":185,"minecraft:gravel":3,"minecraft:sand":64,"minecraft:dirt":354,"minecraft:stone":232,"minecraft:redstone_wall_torch":3,"minecraft:oak_leaves":123},"minecraft:custom":{"minecraft:interact_with_furnace":75,"minecraft:mob_kills":10,"minecraft:interact_with_crafting_table":42,"minecraft:damage_dealt_resisted":6,"minecraft:leave_game":1,"minecraft:time_since_death":24363,"minecraft:sleep_in_bed":9,"minecraft:time_since_rest":2705,"minecraft:waystone_activated":3,"minecraft:sprint_one_cm":214042,"minecraft:damage_taken":3417,"minecraft:walk_one_cm":512301,"minecraft:drop":15,"minecraft:use_wand":617,"minecraft:damage_dealt":1329,"minecraft:swim_one_cm":11348,"minecraft:fly_one_cm":36787,"minecraft:open_chest":61,"minecraft:crouch_one_cm":36799,"minecraft:play_time":211623,"minecraft:deaths":12,"minecraft:sneak_time":29464,"minecraft:walk_under_water_one_cm":5113,"minecraft:jump":693,"minecraft:walk_on_water_one_cm":14039,"minecraft:total_world_time":211623,"minecraft:fall_one_cm":11578},"minecraft:dropped":{"minecraft:gravel":2,"minecraft:rotten_flesh":11,"minecraft:granite":9,"constructionwand:iron_wand":3,"minecraft:andesite":38,"born_in_chaos_v1:corpse_maggot":4,"minecraft:oak_sapling":13,"minecraft:dried_kelp":58},"minecraft:broken":{"minecraft:stone_pickaxe":2,"minecraft:wooden_shovel":1,"constructionwand:iron_wand":1,"minecraft:stone_axe":2,"constructionwand:stone_wand":2,"minecraft:stone_shovel":7},"minecraft:crafted":{"minecraft:cooked_beef":7,"minecraft:cooked_cod":7,"minecraft:oak_planks":120,"minecraft:wooden_shovel":1,"minecraft:stone_shovel":7,"minecraft:crafting_table":2,"minecraft:dried_kelp":34,"minecraft:wooden_pickaxe":1,"constructionwand:iron_wand":1,"minecraft:iron_sword":1,"minecraft:stone_axe":4,"minecraft:air":0,"minecraft:charcoal":15,"constructionwand:stone_wand":4,"minecraft:stick":32,"minecraft:iron_ingot":12,"minecraft:iron_pickaxe":1,"minecraft:stone_pickaxe":4,"minecraft:stone_sword":1,"minecraft:chest":2,"minecraft:dried_kelp_block":2,"minecraft:torch":96},"minecraft:used":{"minecraft:stone_sword":25,"minecraft:stone_shovel":920,"minecraft:stone_pickaxe":303,"minecraft:chest":3,"minecraft:iron_sword":10,"minecraft:wooden_shovel":59,"minecraft:torch":50,"constructionwand:iron_wand":36,"minecraft:dirt":882,"minecraft:crafting_table":2,"constructionwand:stone_wand":59,"minecraft:snowball":12,"minecraft:oak_log":11,"waystones:waystone":1,"minecraft:stone_axe":274,"minecraft:cobblestone":10,"minecraft:oak_sapling":25,"torchmaster:megatorch":1},"minecraft:killed_by":{"endofherobrine:cow":4,"minecraft:skeleton":3,"born_in_chaos_v1:door_knight":2},"minecraft:picked_up":{"minecraft:birch_log":35,"born_in_chaos_v1:corpse_maggot":4,"minecraft:crafting_table":2,"minecraft:iron_door":1,"minecraft:andesite":38,"minecraft:brown_wool":1,"minecraft:leather":4,"minecraft:flint":2,"minecraft:oak_log":412,"silentgear:sinew":3,"minecraft:dirt":882,"constructionwand:iron_wand":3,"minecraft:raw_copper":38,"born_in_chaos_v1:monster_skin":16,"born_in_chaos_v1:intoxicating_decoction":2,"minecraft:bone":8,"minecraft:apple":10,"minecraft:wheat_seeds":6,"mysticalagriculture:inferium_essence":22,"minecraft:beef":7,"minecraft:redstone_torch":3,"minecraft:chest":1,"minecraft:sugar_cane":11,"minecraft:birch_sapling":18,"minecraft:oak_planks":8,"minecraft:egg":2,"minecraft:stick":50,"minecraft:raw_iron":10,"born_in_chaos_v1:shattered_skull":1,"minecraft:torch":4,"minecraft:sand":64,"torchmaster:megatorch":1,"minecraft:gravel":2,"minecraft:dried_kelp":95,"born_in_chaos_v1:pieceofdarkmetal":3,"minecraft:arrow":2,"minecraft:rotten_flesh":11,"immersiveengineering:seed":5,"waystones:waystone":1,"minecraft:granite":9,"minecraft:oak_sapling":126,"minecraft:mutton":2,"minecraft:coal":1,"minecraft:snowball":20,"minecraft:cobblestone":251},"minecraft:killed":{"born_in_chaos_v1:decrepit_skeleton":1,"minecraft:skeleton":1,"minecraft:sheep":1,"minecraft:zombie":1,"born_in_chaos_v1:corpse_fly":3,"minecraft:cow":3}},"DataVersion":3337}