{"stats":{"minecraft:mined":{"minecraft:grass_block":1,"minecraft:oak_log":6,"minecraft:dirt":14,"minecraft:stone":2},"minecraft:crafted":{"minecraft:oak_planks":24,"minecraft:wooden_shovel":1,"minecraft:crafting_table":1,"minecraft:stick":4,"minecraft:stone_pickaxe":1,"minecraft:wooden_pickaxe":1},"minecraft:custom":{"minecraft:time_since_rest":14537,"minecraft:play_time":14537,"minecraft:sprint_one_cm":17977,"minecraft:damage_taken":180,"minecraft:walk_one_cm":10233,"minecraft:sneak_time":1,"minecraft:mob_kills":1,"minecraft:jump":27,"minecraft:damage_dealt":20,"minecraft:time_since_death":14537,"minecraft:walk_on_water_one_cm":154,"minecraft:total_world_time":14537,"minecraft:interact_with_crafting_table":3,"minecraft:fall_one_cm":418,"minecraft:fly_one_cm":3401},"minecraft:used":{"minecraft:dirt":3,"minecraft:crafting_table":1,"minecraft:stone_pickaxe":2,"minecraft:wooden_shovel":6},"minecraft:picked_up":{"minecraft:stick":2,"mysticalagriculture:inferium_essence":1,"minecraft:oak_log":6,"minecraft:oak_sapling":6,"minecraft:dirt":17,"minecraft:cobblestone":10},"minecraft:killed":{"minecraft:zombie":1}},"DataVersion":3337}