{"stats":{"minecraft:mined":{"minecraft:crafting_table":1,"minecraft:granite":5,"minecraft:grass_block":223,"minecraft:copper_ore":5,"minecraft:cobblestone":1,"minecraft:wall_torch":1,"mysticalagriculture:inferium_ore":6,"minecraft:birch_log":35,"minecraft:iron_ore":6,"minecraft:snow":29,"minecraft:andesite":34,"minecraft:birch_leaves":1,"minecraft:grass":6,"minecraft:coal_ore":1,"minecraft:oak_log":85,"minecraft:gravel":3,"minecraft:dirt":351,"minecraft:stone":232,"minecraft:oak_leaves":25},"minecraft:custom":{"minecraft:interact_with_furnace":71,"minecraft:mob_kills":10,"minecraft:interact_with_crafting_table":30,"minecraft:leave_game":1,"minecraft:time_since_death":17827,"minecraft:sleep_in_bed":8,"minecraft:time_since_rest":13570,"minecraft:waystone_activated":3,"minecraft:sprint_one_cm":148226,"minecraft:damage_taken":3022,"minecraft:walk_one_cm":327033,"minecraft:drop":13,"minecraft:damage_dealt":1268,"minecraft:swim_one_cm":7357,"minecraft:fly_one_cm":32168,"minecraft:open_chest":39,"minecraft:crouch_one_cm":25250,"minecraft:play_time":151623,"minecraft:deaths":11,"minecraft:sneak_time":5894,"minecraft:walk_under_water_one_cm":4437,"minecraft:jump":606,"minecraft:walk_on_water_one_cm":13090,"minecraft:total_world_time":151623,"minecraft:fall_one_cm":6889},"minecraft:dropped":{"minecraft:gravel":2,"minecraft:rotten_flesh":4,"minecraft:granite":9,"constructionwand:iron_wand":2,"minecraft:andesite":38,"born_in_chaos_v1:corpse_maggot":4,"minecraft:oak_sapling":13,"minecraft:dried_kelp":58},"minecraft:broken":{"minecraft:stone_pickaxe":2,"minecraft:wooden_shovel":1,"minecraft:stone_axe":1,"minecraft:stone_shovel":3},"minecraft:crafted":{"minecraft:cooked_beef":7,"minecraft:cooked_cod":7,"minecraft:oak_planks":116,"minecraft:wooden_shovel":1,"minecraft:stone_shovel":4,"minecraft:crafting_table":2,"minecraft:dried_kelp":34,"minecraft:wooden_pickaxe":1,"constructionwand:iron_wand":1,"minecraft:iron_sword":1,"minecraft:stone_axe":1,"minecraft:air":0,"minecraft:charcoal":15,"minecraft:stick":32,"minecraft:iron_ingot":12,"minecraft:iron_pickaxe":1,"minecraft:stone_pickaxe":4,"minecraft:stone_sword":1,"minecraft:chest":2,"minecraft:dried_kelp_block":2},"minecraft:used":{"minecraft:stone_sword":25,"minecraft:stone_shovel":497,"minecraft:stone_pickaxe":297,"minecraft:chest":2,"minecraft:iron_sword":4,"minecraft:wooden_shovel":59,"minecraft:dirt":238,"minecraft:crafting_table":2,"minecraft:snowball":11,"waystones:waystone":1,"minecraft:stone_axe":133,"minecraft:cobblestone":10,"minecraft:oak_sapling":11,"torchmaster:megatorch":1},"minecraft:killed_by":{"endofherobrine:cow":4,"minecraft:skeleton":3,"born_in_chaos_v1:door_knight":2},"minecraft:picked_up":{"minecraft:birch_log":35,"born_in_chaos_v1:corpse_maggot":4,"minecraft:crafting_table":1,"minecraft:andesite":38,"minecraft:brown_wool":1,"minecraft:leather":4,"minecraft:flint":1,"minecraft:oak_log":85,"silentgear:sinew":3,"minecraft:dirt":533,"constructionwand:iron_wand":2,"minecraft:raw_copper":19,"born_in_chaos_v1:intoxicating_decoction":2,"minecraft:bone":8,"minecraft:apple":3,"minecraft:wheat_seeds":3,"mysticalagriculture:inferium_essence":21,"minecraft:beef":7,"minecraft:birch_sapling":9,"minecraft:oak_planks":1,"minecraft:egg":1,"minecraft:stick":20,"minecraft:raw_iron":10,"born_in_chaos_v1:shattered_skull":1,"minecraft:torch":1,"minecraft:gravel":2,"minecraft:dried_kelp":49,"born_in_chaos_v1:pieceofdarkmetal":3,"minecraft:arrow":1,"minecraft:rotten_flesh":4,"immersiveengineering:seed":2,"waystones:waystone":1,"minecraft:granite":9,"minecraft:oak_sapling":41,"minecraft:mutton":2,"minecraft:coal":1,"minecraft:snowball":14,"minecraft:cobblestone":239},"minecraft:killed":{"born_in_chaos_v1:decrepit_skeleton":1,"minecraft:skeleton":1,"minecraft:sheep":1,"minecraft:zombie":1,"born_in_chaos_v1:corpse_fly":3,"minecraft:cow":3}},"DataVersion":3337}