{"stats":{"minecraft:mined":{"minecraft:iron_ore":6,"minecraft:andesite":34,"minecraft:granite":5,"minecraft:grass_block":3,"minecraft:oak_log":6,"minecraft:gravel":3,"minecraft:dirt":15,"minecraft:copper_ore":5,"minecraft:cobblestone":1,"minecraft:stone":150,"minecraft:wall_torch":1,"mysticalagriculture:inferium_ore":6},"minecraft:crafted":{"minecraft:oak_planks":24,"minecraft:wooden_shovel":1,"minecraft:crafting_table":1,"minecraft:stick":8,"minecraft:wooden_pickaxe":1,"minecraft:stone_pickaxe":2},"minecraft:custom":{"minecraft:time_since_rest":2951,"minecraft:waystone_activated":1,"minecraft:interact_with_furnace":1,"minecraft:sprint_one_cm":51844,"minecraft:damage_taken":240,"minecraft:walk_one_cm":33950,"minecraft:mob_kills":1,"minecraft:damage_dealt":20,"minecraft:fly_one_cm":10515,"minecraft:interact_with_crafting_table":4,"minecraft:swim_one_cm":3443,"minecraft:play_time":38537,"minecraft:deaths":1,"minecraft:sneak_time":6,"minecraft:walk_under_water_one_cm":1998,"minecraft:jump":250,"minecraft:walk_on_water_one_cm":4398,"minecraft:time_since_death":2910,"minecraft:total_world_time":38537,"minecraft:fall_one_cm":836},"minecraft:broken":{"minecraft:stone_pickaxe":1},"minecraft:used":{"minecraft:stone_pickaxe":210,"minecraft:wooden_shovel":11,"minecraft:dirt":3,"minecraft:cobblestone":10,"minecraft:crafting_table":1},"minecraft:killed_by":{"minecraft:skeleton":1},"minecraft:picked_up":{"minecraft:stick":2,"minecraft:raw_iron":10,"born_in_chaos_v1:shattered_skull":1,"minecraft:andesite":38,"minecraft:torch":1,"minecraft:gravel":2,"minecraft:flint":1,"minecraft:oak_log":6,"born_in_chaos_v1:pieceofdarkmetal":3,"silentgear:sinew":1,"minecraft:dirt":18,"minecraft:raw_copper":19,"minecraft:bone":5,"mysticalagriculture:inferium_essence":19,"waystones:waystone":1,"minecraft:granite":9,"minecraft:oak_sapling":6,"minecraft:oak_planks":1,"minecraft:cobblestone":174},"minecraft:killed":{"minecraft:zombie":1}},"DataVersion":3337}