{"stats":{"minecraft:mined":{"minecraft:birch_log":10,"minecraft:iron_ore":6,"minecraft:birch_leaves":1,"minecraft:andesite":34,"minecraft:crafting_table":1,"minecraft:granite":5,"minecraft:grass_block":11,"minecraft:oak_log":21,"minecraft:gravel":3,"minecraft:dirt":19,"minecraft:copper_ore":5,"minecraft:cobblestone":1,"minecraft:stone":150,"minecraft:oak_leaves":1,"minecraft:wall_torch":1,"mysticalagriculture:inferium_ore":6},"minecraft:crafted":{"minecraft:oak_planks":64,"minecraft:wooden_shovel":1,"minecraft:crafting_table":2,"minecraft:stick":8,"minecraft:wooden_pickaxe":1,"minecraft:stone_pickaxe":2,"minecraft:stone_sword":1,"minecraft:stone_axe":1},"minecraft:dropped":{"minecraft:gravel":2,"minecraft:andesite":38,"born_in_chaos_v1:corpse_maggot":1,"minecraft:granite":9},"minecraft:custom":{"minecraft:time_since_rest":6990,"minecraft:waystone_activated":1,"minecraft:interact_with_furnace":1,"minecraft:sprint_one_cm":137984,"minecraft:damage_taken":2580,"minecraft:walk_one_cm":103600,"minecraft:mob_kills":7,"minecraft:drop":4,"minecraft:damage_dealt":1098,"minecraft:fly_one_cm":30316,"minecraft:interact_with_crafting_table":6,"minecraft:swim_one_cm":7357,"minecraft:play_time":74537,"minecraft:deaths":9,"minecraft:sneak_time":12,"minecraft:walk_under_water_one_cm":3127,"minecraft:jump":442,"minecraft:walk_on_water_one_cm":10588,"minecraft:time_since_death":6888,"minecraft:total_world_time":74537,"minecraft:fall_one_cm":2806},"minecraft:broken":{"minecraft:stone_pickaxe":1},"minecraft:used":{"minecraft:stone_sword":23,"minecraft:stone_pickaxe":210,"minecraft:wooden_shovel":23,"minecraft:stone_axe":18,"minecraft:dirt":3,"minecraft:cobblestone":10,"minecraft:crafting_table":2},"minecraft:killed_by":{"endofherobrine:cow":4,"born_in_chaos_v1:door_knight":2,"minecraft:skeleton":3},"minecraft:picked_up":{"born_in_chaos_v1:corpse_maggot":1,"minecraft:crafting_table":1,"minecraft:stick":3,"minecraft:raw_iron":10,"born_in_chaos_v1:shattered_skull":1,"minecraft:andesite":38,"minecraft:leather":4,"minecraft:torch":1,"minecraft:gravel":2,"minecraft:flint":1,"minecraft:oak_log":21,"born_in_chaos_v1:pieceofdarkmetal":3,"silentgear:sinew":3,"minecraft:dirt":30,"minecraft:raw_copper":19,"born_in_chaos_v1:intoxicating_decoction":2,"minecraft:bone":7,"minecraft:rotten_flesh":4,"mysticalagriculture:inferium_essence":21,"waystones:waystone":1,"minecraft:beef":7,"minecraft:granite":9,"minecraft:oak_sapling":13,"minecraft:oak_planks":1,"minecraft:birch_log":10,"minecraft:cobblestone":174,"minecraft:egg":1},"minecraft:killed":{"minecraft:zombie":1,"born_in_chaos_v1:corpse_fly":2,"minecraft:cow":3,"born_in_chaos_v1:decrepit_skeleton":1}},"DataVersion":3337}