{"stats":{"minecraft:crafted":{"minecraft:oak_planks":120,"silentgear:template_board":6,"silentgear:chestplate":1,"mysticalagriculture:soulium_ingot":16,"silentgear:guide_book":1,"minecraft:stone":103,"silentgear:leggings":1,"minecraft:lever":1,"minecraft:cracked_stone_bricks":4,"minecraft:cooked_mutton":5,"mysticalagriculture:prosperity_seed_base":5,"immersiveengineering:ingot_silver":5,"minecraft:bow":1,"minecraft:iron_boots":3,"explorerscompass:explorerscompass":1,"mysticalagriculture:watering_can":1,"minecraft:chest":7,"minecraft:iron_door":3,"minecraft:dried_kelp_block":37,"minecraft:stone_hoe":1,"minecraft:stone_bricks":1,"twilightforest:magic_map_focus":3,"minecraft:wooden_shovel":1,"minecraft:crafting_table":2,"constructionwand:iron_wand":2,"minecraft:iron_helmet":1,"minecraft:wooden_pickaxe":1,"minecraft:red_wool":9,"minecraft:birch_planks":52,"minecraft:iron_chestplate":1,"minecraft:book":1,"minecraft:paper":12,"minecraft:diamond_pickaxe":1,"minecraft:charcoal":15,"naturescompass:naturescompass":1,"constructionwand:stone_wand":5,"minecraft:stick":32,"minecraft:iron_ingot":91,"minecraft:compass":1,"minecraft:iron_pickaxe":1,"minecraft:stone_sword":1,"minecraft:gold_ingot":58,"silentgear:helmet":1,"minecraft:shears":1,"minecraft:oak_door":3,"minecraft:stone_shovel":10,"mysticalagriculture:inferium_farmland":81,"mysticalagriculture:infusion_pedestal":8,"minecraft:stone_button":2,"mysticalagriculture:prosperity_ingot":16,"minecraft:bone_meal":12,"minecraft:flint_and_steel":1,"silentgear:boots":1,"minecraft:iron_hoe":1,"minecraft:stone_pickaxe":5,"minecraft:cooked_beef":7,"minecraft:red_dye":34,"minecraft:cooked_cod":7,"mysticalagriculture:inferium_seeds":26,"minecraft:dried_kelp":34,"minecraft:iron_sword":1,"minecraft:bowl":4,"revampedwolf:iron_wolf_armor":1,"minecraft:bucket":2,"minecraft:stone_axe":6,"minecraft:orange_dye":1,"minecraft:air":0,"mysticalagriculture:infusion_altar":1,"minecraft:iron_shovel":1,"minecraft:iron_leggings":1,"minecraft:stonecutter":1,"minecraft:torch":96,"twilightforest:magic_map":1},"minecraft:broken":{"minecraft:wooden_shovel":1,"minecraft:stone_pickaxe":5,"constructionwand:iron_wand":1,"minecraft:stone_axe":4,"minecraft:stone_shovel":10,"constructionwand:stone_wand":5,"minecraft:iron_pickaxe":2},"minecraft:killed":{"born_in_chaos_v1:zombie_clown":1,"minecraft:cave_spider":2,"born_in_chaos_v1:restless_spirit":5,"born_in_chaos_v1:zombie_lumberjack":2,"born_in_chaos_v1:skeleton_demoman":1,"born_in_chaos_v1:siamese_skeletonsright":1,"minecraft:skeleton":11,"minecraft:bee":1,"minecraft:pig":1,"born_in_chaos_v1:diamond_termite":6,"twilightforest:raven":1,"minecraft:creeper":1,"minecraft:sheep":1,"minecraft:zombie":23,"born_in_chaos_v1:dread_hound":3,"born_in_chaos_v1:corpse_fly":6,"born_in_chaos_v1:siamese_skeletonsleft":1,"minecraft:cow":3,"born_in_chaos_v1:maggot":2,"twilightforest:naga":1,"born_in_chaos_v1:baby_skeleton":1,"twilightforest:kobold":9,"minecraft:frog":1,"born_in_chaos_v1:decrepit_skeleton":3,"twilightforest:bighorn_sheep":1},"minecraft:dropped":{"twilightforest:nagastone":2,"minecraft:iron_sword":2,"minecraft:mossy_stone_brick_stairs":8,"minecraft:cracked_stone_bricks":7,"minecraft:mossy_cobblestone_wall":3,"minecraft:cobblestone_stairs":1,"constructionwand:iron_wand":3,"twilightforest:mossy_nagastone_pillar":5,"minecraft:chain":1,"mysticalagriculture:stone_seeds":1,"minecraft:gravel":6,"minecraft:cobbled_deepslate":33,"minecraft:rotten_flesh":58,"mysticalagriculture:inferium_seeds":1,"minecraft:chiseled_stone_bricks":3,"supplementaries:ash":1,"mysticalagriculture:inferium_essence":1,"born_in_chaos_v1:corpse_maggot":5,"minecraft:stone_brick_stairs":2,"twilightforest:nagastone_pillar":13,"minecraft:netherrack":6,"minecraft:mossy_cobblestone":3,"twilightforest:nagastone_head":2,"minecraft:cobblestone":1,"minecraft:granite":17,"twilightforest:etched_nagastone":2,"twilightforest:naga_trophy":2,"minecraft:stick":10,"born_in_chaos_v1:gnawed_bones":1,"mysticalagriculture:watering_can":1,"minecraft:mossy_cobblestone_slab":2,"minecraft:diorite":9,"mysticalagriculture:prosperity_seed_base":1,"twilightforest:spiral_bricks":19,"minecraft:dried_kelp":58,"mysticalagriculture:prosperity_shard":1,"minecraft:iron_axe":1,"minecraft:red_dye":50,"minecraft:string":2,"minecraft:smooth_basalt":2,"minecraft:cobblestone_wall":1,"minecraft:smooth_stone_slab":2,"minecraft:tuff":8,"immersiveengineering:hammer":1,"twilightforest:mossy_etched_nagastone":3,"minecraft:cobblestone_slab":1,"minecraft:andesite":46,"twilightforest:magic_map_focus":6,"minecraft:mossy_stone_bricks":10,"minecraft:oak_sapling":13,"minecraft:stone_bricks":9,"minecraft:bow":1},"minecraft:custom":{"minecraft:interact_with_crafting_table":143,"minecraft:leave_game":5,"minecraft:time_since_death":51417,"minecraft:damage_resisted":37,"minecraft:sprint_one_cm":786909,"minecraft:damage_blocked_by_shield":990,"minecraft:drop":81,"minecraft:play_time":778500,"minecraft:deaths":40,"minecraft:jump":2853,"minecraft:walk_on_water_one_cm":75968,"minecraft:interact_with_furnace":146,"minecraft:sleep_in_bed":13,"minecraft:waystone_activated":5,"minecraft:damage_dealt":18079,"minecraft:crouch_one_cm":61868,"minecraft:mob_kills":95,"minecraft:damage_dealt_resisted":851,"minecraft:climb_one_cm":75,"minecraft:walk_one_cm":2011667,"minecraft:sneak_time":41634,"minecraft:walk_under_water_one_cm":61488,"minecraft:interact_with_blast_furnace":1,"minecraft:total_world_time":778500,"minecraft:interact_with_stonecutter":2,"minecraft:time_since_rest":51449,"minecraft:damage_taken":15412,"minecraft:use_wand":970,"minecraft:swim_one_cm":21662,"minecraft:fly_one_cm":528427,"minecraft:open_chest":484,"minecraft:fall_one_cm":86203},"minecraft:picked_up":{"silentgear:raw_crimson_iron":6,"minecraft:wheat":15,"max_armory:iron_long_sword":1,"twilightforest:naga_trophy":1,"aether:iron_gloves":1,"minecraft:stone_brick_stairs":2,"mysticalagriculture:prosperity_seed_base":1,"born_in_chaos_v1:black_argillite":7,"silentgear:sinew":6,"minecraft:string":5,"minecraft:raw_copper":45,"minecraft:smooth_stone_slab":2,"minecraft:shroomlight":1,"minecraft:oak_sign":3,"minecraft:cobbled_deepslate":82,"mysticalagriculture:inferium_essence":497,"minecraft:gold_nugget":26,"minecraft:red_dye":25,"minecraft:redstone_torch":3,"minecraft:written_book":1,"minecraft:cobblestone_slab":1,"minecraft:iron_pickaxe":1,"minecraft:blue_wool":1,"minecraft:stick":136,"immersiveengineering:shader_bag_epic":1,"twilightforest:cooked_venison":1,"born_in_chaos_v1:shattered_skull":1,"minecraft:torch":63,"mysticalagriculture:prosperity_shard":206,"minecraft:acacia_log":1,"minecraft:porkchop":1,"minecraft:dried_kelp":110,"mysticalagriculture:inferium_seeds":215,"minecraft:honeycomb_block":2,"minecraft:pointed_dripstone":3,"minecraft:diorite":9,"minecraft:rotten_flesh":59,"minecraft:green_wool":1,"supplementaries:ash":1,"minecraft:obsidian":10,"minecraft:snowball":20,"minecraft:cobblestone":567,"minecraft:birch_log":37,"minecraft:mossy_cobblestone_slab":2,"minecraft:lilac":1,"minecraft:iron_door":3,"minecraft:andesite":53,"minecraft:brown_wool":5,"minecraft:golden_leggings":1,"minecraft:potato":1,"minecraft:flint":10,"minecraft:tuff":28,"twilightforest:mossy_nagastone_pillar":5,"mysticalagriculture:dirt_seeds":5,"minecraft:lapis_lazuli":28,"minecraft:dirt":1562,"constructionwand:iron_wand":3,"born_in_chaos_v1:monster_skin":17,"born_in_chaos_v1:marigolds":1,"minecraft:bone":35,"minecraft:bow":4,"minecraft:wheat_seeds":37,"minecraft:raw_gold":57,"mysticalagriculture:soulium_dust":36,"minecraft:mossy_stone_bricks":10,"minecraft:glowstone_dust":64,"minecraft:oak_planks":8,"minecraft:mossy_stone_brick_stairs":8,"minecraft:warped_wart_block":8,"torchmaster:megatorch":2,"minecraft:sand":64,"twilightforest:canopy_log":4,"minecraft:mossy_cobblestone":3,"twilightforest:mossy_etched_nagastone":3,"minecraft:iron_hoe":1,"born_in_chaos_v1:fire_dust":2,"minecraft:diamond":18,"waystones:waystone":1,"minecraft:granite":33,"minecraft:bone_meal":7,"minecraft:oak_sapling":271,"minecraft:netherrack":185,"twilightforest:torchberries":9,"minecraft:crafting_table":2,"born_in_chaos_v1:diamond_termite_shard":3,"mysticalagriculture:soulstone_cobble":95,"minecraft:brown_mushroom":2,"twilightforest:nagastone":2,"minecraft:chain":2,"minecraft:iron_axe":1,"born_in_chaos_v1:intoxicating_decoction":3,"minecraft:compass":1,"minecraft:cracked_stone_bricks":7,"minecraft:mossy_cobblestone_wall":3,"twilightforest:nagastone_head":2,"minecraft:beef":7,"born_in_chaos_v1:gnawed_bones":2,"minecraft:poppy":34,"minecraft:light_gray_wool":1,"minecraft:sugar_cane":11,"minecraft:chest":1,"minecraft:birch_sapling":18,"minecraft:egg":3,"minecraft:raw_iron":248,"minecraft:stone_button":5,"born_in_chaos_v1:pieceofdarkmetal":5,"minecraft:carrot":164,"minecraft:redstone":110,"minecraft:arrow":12,"twilightforest:etched_nagastone":2,"minecraft:shears":1,"born_in_chaos_v1:spiny_shell":2,"twilightforest:magic_map_focus":6,"minecraft:mutton":5,"minecraft:white_wool":16,"minecraft:oxeye_daisy":1,"born_in_chaos_v1:fused_bone":2,"minecraft:stripped_oak_log":1,"born_in_chaos_v1:corpse_maggot":18,"born_in_chaos_v1:monster_flesh":1,"minecraft:glow_ink_sac":7,"minecraft:leather":4,"minecraft:oak_log":651,"minecraft:cobblestone_wall":1,"minecraft:gunpowder":1,"minecraft:cobblestone_stairs":1,"vanillaplustools:iron_hammer":1,"minecraft:white_banner":1,"minecraft:cooked_mutton":4,"minecraft:apple":21,"minecraft:stone_bricks":9,"minecraft:warped_stem":11,"minecraft:cobweb":9,"minecraft:iron_sword":2,"minecraft:smooth_basalt":2,"twilightforest:nagastone_pillar":13,"minecraft:chiseled_stone_bricks":3,"born_in_chaos_v1:ethereal_spirit":6,"minecraft:quartz":23,"minecraft:dandelion":14,"minecraft:dripstone_block":6,"minecraft:gravel":58,"silentgear:bort":1,"minecraft:spruce_log":1,"minecraft:slime_ball":2,"immersiveengineering:seed":30,"minecraft:honey_block":1,"minecraft:gray_wool":2,"twilightforest:spiral_bricks":19,"immersiveengineering:hammer":1,"minecraft:coal":76,"immersiveengineering:raw_silver":1},"minecraft:mined":{"minecraft:oak_sapling":1,"minecraft:obsidian":10,"minecraft:granite":46,"minecraft:grass_block":895,"minecraft:brown_wool":1,"waystones:waystone":1,"mysticalagriculture:inferium_farmland":9,"mysticalagriculture:inferium_ore":64,"minecraft:glowstone":27,"minecraft:iron_ore":177,"minecraft:cobbled_deepslate":5,"minecraft:deepslate_lapis_ore":5,"silentgear:deepslate_bort_ore":1,"minecraft:pointed_dripstone":1,"minecraft:oak_sign":3,"minecraft:white_banner":1,"minecraft:brown_mushroom":2,"born_in_chaos_v1:infected_deepslate_diamond_ore":2,"minecraft:torch":62,"twilightforest:torchberry_plant":9,"mysticalagriculture:inferium_crop":185,"minecraft:poppy":29,"minecraft:nether_quartz_ore":24,"minecraft:cobblestone":18,"minecraft:honeycomb_block":2,"minecraft:sugar_cane":4,"minecraft:iron_door":3,"minecraft:wall_torch":2,"minecraft:deepslate_copper_ore":2,"minecraft:warped_nylium":13,"mysticalagriculture:soulium_ore":17,"minecraft:birch_log":35,"minecraft:lilac":1,"minecraft:grass":170,"minecraft:oak_log":422,"minecraft:sand":64,"minecraft:dirt":673,"mysticalagriculture:deepslate_prosperity_ore":43,"minecraft:smooth_basalt":1,"minecraft:netherrack":190,"minecraft:deepslate":92,"minecraft:oak_leaves":179,"mysticalagriculture:deepslate_inferium_ore":20,"mysticalagriculture:prosperity_ore":27,"minecraft:diamond_ore":14,"minecraft:tuff":31,"mysticalagriculture:soulstone":101,"minecraft:deepslate_diamond_ore":3,"minecraft:sea_lantern":1,"born_in_chaos_v1:infected_diamond_ore":5,"minecraft:stone_button":5,"born_in_chaos_v1:black_argillite":7,"minecraft:redstone_ore":19,"minecraft:carrots":29,"minecraft:snow":31,"minecraft:andesite":57,"minecraft:deepslate_iron_ore":67,"minecraft:shroomlight":1,"minecraft:warped_stem":11,"minecraft:stripped_oak_log":1,"minecraft:stone":607,"minecraft:green_wool":1,"minecraft:redstone_wall_torch":3,"twilightforest:root_strand":2,"born_in_chaos_v1:marigolds":1,"minecraft:hanging_roots":1,"minecraft:dandelion":13,"minecraft:crafting_table":1,"minecraft:honey_block":1,"minecraft:copper_ore":5,"minecraft:tall_grass":15,"minecraft:deepslate_gold_ore":44,"endofherobrine:mossy_stone_bricks":1,"minecraft:diorite":10,"minecraft:warped_wart_block":8,"supplementaries:urn":1,"minecraft:birch_leaves":1,"minecraft:coal_ore":83,"minecraft:gravel":71,"minecraft:dripstone_block":6,"minecraft:cobweb":6,"minecraft:gold_ore":10},"minecraft:killed_by":{"endofherobrine:cow":4,"born_in_chaos_v1:nightmare_stalker":6,"minecraft:creeper":6,"born_in_chaos_v1:zombie_bruiser":1,"minecraft:zombie":1,"twilightforest:naga":1,"minecraft:bee":1,"minecraft:skeleton":10,"born_in_chaos_v1:door_knight":2},"minecraft:used":{"minecraft:iron_shovel":227,"minecraft:chest":5,"minecraft:shield":17,"minecraft:iron_sword":296,"minecraft:stone":54,"mysticalagriculture:infusion_altar":1,"minecraft:iron_chestplate":1,"constructionwand:iron_wand":51,"minecraft:carrot":218,"minecraft:snowball":12,"minecraft:obsidian":10,"mysticalagriculture:inferium_seeds":218,"twilightforest:cooked_venison":1,"minecraft:written_book":1,"minecraft:oak_sapling":25,"minecraft:stone_pickaxe":660,"mysticalagriculture:inferium_farmland":81,"minecraft:shears":6,"waystones:waystone":1,"minecraft:lever":1,"minecraft:stone_button":5,"minecraft:iron_door":2,"minecraft:bone_meal":7,"minecraft:stone_sword":25,"minecraft:flint_and_steel":1,"minecraft:stone_shovel":1313,"minecraft:wooden_shovel":59,"minecraft:stone_hoe":76,"minecraft:netherrack":28,"minecraft:oak_door":2,"minecraft:torch":143,"minecraft:dirt":1316,"minecraft:granite":1,"mysticalagriculture:infusion_pedestal":8,"silentgear:leggings":1,"torchmaster:megatorch":2,"minecraft:cooked_beef":7,"minecraft:cobbled_deepslate":9,"max_armory:iron_long_sword":167,"minecraft:cooked_mutton":1,"minecraft:water_bucket":26,"minecraft:stonecutter":1,"minecraft:crafting_table":2,"constructionwand:stone_wand":127,"minecraft:oak_log":12,"minecraft:diamond_pickaxe":10,"waystones:mossy_waystone":1,"minecraft:iron_pickaxe":413,"minecraft:golden_leggings":1,"minecraft:stone_axe":780,"minecraft:cobblestone":88,"vanillaplustools:iron_hammer":134,"minecraft:white_banner":1,"minecraft:bucket":28}},"DataVersion":3337}