{"stats":{"minecraft:picked_up":{"biomesoplenty:lavender":1,"immersiveengineering:concrete_quarter":2,"minecraft:crafting_table":1,"minecraft:flower_pot":1,"minecraft:andesite":32,"minecraft:oak_stairs":1,"biomesoplenty:jacaranda_sapling":7,"minecraft:oak_log":4,"minecraft:brewing_stand":1,"embellishcraft:polished_marble_stairs":20,"minecraft:heavy_weighted_pressure_plate":10,"minecraft:paper":5,"minecraft:dirt":16,"pipez:energy_pipe":10,"embellishcraft:plate":2,"minecraft:apple":1,"minecraft:stone_bricks":17,"minecraft:gray_terracotta":28,"minecraft:stonecutter":1,"minecraft:smooth_stone":79,"apocalypsenow:money":3,"cfm:cyan_kitchen_drawer":4,"minecraft:redstone_torch":2,"refinedstorage:cable":3,"minecraft:chest":7,"minecraft:dark_oak_stairs":2,"minecraft:furnace":4,"minecraft:book":15,"quark:light_gray_stool":2,"minecraft:raw_iron":11,"minecraft:stick":5,"cfm:light_gray_sofa":1,"cfm:stripped_dark_oak_coffee_table":3,"minecraft:torch":4,"quark:dark_oak_hedge":21,"quark:dark_oak_post":2,"minecraft:cactus":1,"biomesoplenty:jacaranda_log":22,"cfm:gray_kitchen_counter":8,"minecraft:granite":23,"quark:framed_glass_pane":4,"farmersdelight:rice_bag":3,"minecraft:gold_ingot":1,"quark:dark_oak_leaf_carpet":1,"refinedstorage:1k_storage_part":1,"minecraft:stripped_dark_oak_log":3,"minecraft:coal":22,"minecraft:cobblestone":452,"embellishcraft:light_gray_couch":9},"minecraft:crafted":{"minecraft:stone_shovel":1,"minecraft:crafting_table":1,"minecraft:stone_axe":1,"minecraft:air":149,"minecraft:stick":4,"minecraft:stone_pickaxe":7,"minecraft:chest":1},"minecraft:used":{"minecraft:stone_shovel":9,"minecraft:stone_pickaxe":691,"minecraft:chest":8,"minecraft:wooden_pickaxe":50,"minecraft:torch":10,"minecraft:dirt":26,"minecraft:crafting_table":2,"minecraft:gray_terracotta":2,"minecraft:stone_bricks":1,"minecraft:stone_axe":53,"minecraft:cobblestone":52,"minecraft:furnace":4,"minecraft:smooth_stone":1},"minecraft:mined":{"minecraft:gray_terracotta":28,"farmersdelight:rice_bag":3,"lootr:lootr_chest":5,"embellishcraft:light_gray_couch":9,"minecraft:stripped_dark_oak_log":3,"minecraft:potted_cactus":1,"cfm:light_gray_sofa":1,"minecraft:brewing_stand":1,"minecraft:crafting_table":1,"minecraft:torch":3,"minecraft:granite":23,"immersiveengineering:concrete_quarter":2,"minecraft:grass_block":8,"quark:framed_glass_pane":4,"minecraft:chest":2,"quark:dark_oak_post":2,"minecraft:cobblestone":12,"minecraft:wall_torch":1,"quark:light_gray_stool":2,"minecraft:spawner":7,"minecraft:smooth_stone":80,"biomesoplenty:jacaranda_log":3,"minecraft:furnace":4,"minecraft:heavy_weighted_pressure_plate":1,"quark:dark_oak_leaf_carpet":1,"minecraft:iron_ore":11,"biomesoplenty:lavender":1,"minecraft:andesite":32,"cfm:stripped_dark_oak_coffee_table":3,"minecraft:peony":1,"minecraft:dark_oak_stairs":2,"minecraft:coal_ore":22,"minecraft:bookshelf":5,"cfm:gray_kitchen_counter":8,"cfm:cyan_kitchen_drawer":4,"minecraft:oak_stairs":1,"minecraft:dirt":8,"quark:dark_oak_hedge":21,"biomesoplenty:barley":1,"minecraft:stone_bricks":18,"minecraft:stonecutter":1,"minecraft:stone":440,"embellishcraft:polished_marble_stairs":20},"minecraft:broken":{"minecraft:stone_pickaxe":5,"minecraft:wooden_pickaxe":1},"minecraft:custom":{"lootr:looted_stat":5,"minecraft:interact_with_crafting_table":13,"minecraft:leave_game":1,"minecraft:time_since_death":74211,"minecraft:climb_one_cm":10166,"minecraft:time_since_rest":74211,"minecraft:sprint_one_cm":5299,"minecraft:damage_taken":110,"minecraft:walk_one_cm":160137,"minecraft:fridge_opened":1,"minecraft:swim_one_cm":375,"minecraft:freezer_opened":1,"minecraft:fly_one_cm":2411,"minecraft:open_chest":51,"minecraft:play_time":74211,"minecraft:sneak_time":337,"minecraft:walk_under_water_one_cm":9255,"minecraft:jump":256,"minecraft:walk_on_water_one_cm":14456,"minecraft:total_world_time":74211,"minecraft:fall_one_cm":420}},"DataVersion":2975}