{"stats":{"minecraft:mined":{"minecraft:birch_log":5,"minecraft:iron_ore":6,"minecraft:birch_leaves":1,"minecraft:andesite":34,"minecraft:crafting_table":1,"minecraft:granite":5,"minecraft:grass_block":3,"minecraft:oak_log":16,"minecraft:gravel":3,"minecraft:dirt":15,"minecraft:copper_ore":5,"minecraft:cobblestone":1,"minecraft:stone":150,"minecraft:wall_torch":1,"mysticalagriculture:inferium_ore":6},"minecraft:crafted":{"minecraft:oak_planks":64,"minecraft:wooden_shovel":1,"minecraft:crafting_table":2,"minecraft:stick":8,"minecraft:wooden_pickaxe":1,"minecraft:stone_pickaxe":2,"minecraft:stone_sword":1,"minecraft:stone_axe":1},"minecraft:dropped":{"minecraft:gravel":2,"minecraft:andesite":38,"born_in_chaos_v1:corpse_maggot":1,"minecraft:granite":9},"minecraft:custom":{"minecraft:time_since_rest":2003,"minecraft:waystone_activated":1,"minecraft:interact_with_furnace":1,"minecraft:sprint_one_cm":90158,"minecraft:damage_taken":1200,"minecraft:walk_one_cm":65196,"minecraft:mob_kills":7,"minecraft:drop":4,"minecraft:damage_dealt":1004,"minecraft:fly_one_cm":19754,"minecraft:interact_with_crafting_table":6,"minecraft:swim_one_cm":7357,"minecraft:play_time":62537,"minecraft:deaths":4,"minecraft:sneak_time":12,"minecraft:walk_under_water_one_cm":3127,"minecraft:jump":304,"minecraft:walk_on_water_one_cm":9190,"minecraft:time_since_death":1879,"minecraft:total_world_time":62537,"minecraft:fall_one_cm":1523},"minecraft:broken":{"minecraft:stone_pickaxe":1},"minecraft:used":{"minecraft:stone_sword":21,"minecraft:stone_pickaxe":210,"minecraft:wooden_shovel":11,"minecraft:stone_axe":7,"minecraft:dirt":3,"minecraft:cobblestone":10,"minecraft:crafting_table":2},"minecraft:killed_by":{"endofherobrine:cow":3,"minecraft:skeleton":1},"minecraft:picked_up":{"born_in_chaos_v1:corpse_maggot":1,"minecraft:crafting_table":1,"minecraft:stick":3,"minecraft:raw_iron":10,"born_in_chaos_v1:shattered_skull":1,"minecraft:andesite":38,"minecraft:leather":4,"minecraft:torch":1,"minecraft:gravel":2,"minecraft:flint":1,"minecraft:oak_log":16,"born_in_chaos_v1:pieceofdarkmetal":3,"silentgear:sinew":3,"minecraft:dirt":18,"minecraft:raw_copper":19,"minecraft:bone":6,"mysticalagriculture:inferium_essence":20,"waystones:waystone":1,"minecraft:beef":7,"minecraft:granite":9,"minecraft:oak_sapling":13,"minecraft:oak_planks":1,"minecraft:birch_log":5,"minecraft:cobblestone":174,"minecraft:egg":1},"minecraft:killed":{"minecraft:zombie":1,"born_in_chaos_v1:corpse_fly":2,"minecraft:cow":3,"born_in_chaos_v1:decrepit_skeleton":1}},"DataVersion":3337}