{"stats":{"minecraft:mined":{"minecraft:grass_block":1,"minecraft:oak_log":6,"minecraft:dirt":14,"minecraft:copper_ore":5,"minecraft:cobblestone":1,"minecraft:stone":103,"minecraft:andesite":22},"minecraft:crafted":{"minecraft:oak_planks":24,"minecraft:wooden_shovel":1,"minecraft:crafting_table":1,"minecraft:stick":8,"minecraft:stone_pickaxe":2,"minecraft:wooden_pickaxe":1},"minecraft:custom":{"minecraft:time_since_rest":26537,"minecraft:play_time":26537,"minecraft:sprint_one_cm":18020,"minecraft:damage_taken":180,"minecraft:walk_one_cm":21734,"minecraft:walk_under_water_one_cm":1998,"minecraft:sneak_time":6,"minecraft:mob_kills":1,"minecraft:jump":126,"minecraft:damage_dealt":20,"minecraft:time_since_death":26537,"minecraft:walk_on_water_one_cm":2363,"minecraft:total_world_time":26537,"minecraft:swim_one_cm":3443,"minecraft:interact_with_crafting_table":4,"minecraft:fall_one_cm":418,"minecraft:fly_one_cm":3401},"minecraft:broken":{"minecraft:stone_pickaxe":1},"minecraft:used":{"minecraft:dirt":3,"minecraft:cobblestone":10,"minecraft:crafting_table":1,"minecraft:stone_pickaxe":131,"minecraft:wooden_shovel":6},"minecraft:picked_up":{"minecraft:raw_copper":19,"minecraft:stick":2,"minecraft:andesite":24,"mysticalagriculture:inferium_essence":1,"minecraft:oak_log":6,"minecraft:oak_sapling":6,"silentgear:sinew":1,"minecraft:dirt":17,"minecraft:cobblestone":119},"minecraft:killed":{"minecraft:zombie":1}},"DataVersion":3337}