{"stats":{"minecraft:mined":{"minecraft:crafting_table":1,"minecraft:granite":5,"minecraft:grass_block":87,"minecraft:copper_ore":5,"minecraft:cobblestone":1,"mysticalagriculture:inferium_ore":6,"minecraft:wall_torch":1,"minecraft:birch_log":10,"minecraft:iron_ore":6,"minecraft:snow":29,"minecraft:andesite":34,"minecraft:birch_leaves":1,"minecraft:grass":3,"minecraft:oak_log":21,"minecraft:gravel":3,"minecraft:dirt":122,"minecraft:stone":174,"minecraft:oak_leaves":1},"minecraft:crafted":{"minecraft:oak_planks":64,"minecraft:wooden_shovel":1,"minecraft:stone_shovel":1,"minecraft:crafting_table":2,"minecraft:wooden_pickaxe":1,"minecraft:stone_axe":1,"minecraft:stick":12,"minecraft:stone_pickaxe":2,"minecraft:stone_sword":1,"minecraft:chest":2},"minecraft:custom":{"minecraft:interact_with_furnace":1,"minecraft:mob_kills":8,"minecraft:interact_with_crafting_table":8,"minecraft:leave_game":1,"minecraft:time_since_death":22270,"minecraft:sleep_in_bed":1,"minecraft:time_since_rest":8655,"minecraft:waystone_activated":2,"minecraft:sprint_one_cm":139592,"minecraft:walk_one_cm":156673,"minecraft:damage_taken":2582,"minecraft:drop":6,"minecraft:damage_dealt":1178,"minecraft:swim_one_cm":7357,"minecraft:fly_one_cm":30950,"minecraft:open_chest":5,"minecraft:crouch_one_cm":3468,"minecraft:play_time":89919,"minecraft:deaths":9,"minecraft:sneak_time":1504,"minecraft:walk_under_water_one_cm":4437,"minecraft:jump":498,"minecraft:walk_on_water_one_cm":13090,"minecraft:total_world_time":89919,"minecraft:fall_one_cm":2806},"minecraft:dropped":{"minecraft:gravel":2,"minecraft:rotten_flesh":4,"minecraft:granite":9,"minecraft:andesite":38,"born_in_chaos_v1:corpse_maggot":1,"minecraft:oak_sapling":13},"minecraft:broken":{"minecraft:stone_pickaxe":1,"minecraft:wooden_shovel":1,"minecraft:stone_shovel":1},"minecraft:used":{"minecraft:stone_sword":25,"minecraft:stone_shovel":131,"minecraft:stone_pickaxe":238,"minecraft:chest":2,"minecraft:wooden_shovel":59,"minecraft:dirt":30,"minecraft:crafting_table":2,"minecraft:snowball":11,"waystones:waystone":1,"minecraft:stone_axe":18,"minecraft:cobblestone":10},"minecraft:killed_by":{"endofherobrine:cow":4,"minecraft:skeleton":3,"born_in_chaos_v1:door_knight":2},"minecraft:picked_up":{"minecraft:birch_log":10,"born_in_chaos_v1:corpse_maggot":1,"minecraft:crafting_table":1,"minecraft:andesite":38,"minecraft:leather":4,"minecraft:brown_wool":1,"minecraft:flint":1,"minecraft:oak_log":21,"silentgear:sinew":3,"minecraft:dirt":164,"minecraft:raw_copper":19,"born_in_chaos_v1:intoxicating_decoction":2,"minecraft:bone":7,"minecraft:wheat_seeds":2,"mysticalagriculture:inferium_essence":21,"minecraft:beef":7,"minecraft:oak_planks":1,"minecraft:egg":1,"minecraft:stick":3,"minecraft:raw_iron":10,"born_in_chaos_v1:shattered_skull":1,"minecraft:torch":1,"minecraft:gravel":2,"born_in_chaos_v1:pieceofdarkmetal":3,"minecraft:rotten_flesh":4,"waystones:waystone":1,"minecraft:granite":9,"minecraft:oak_sapling":16,"minecraft:mutton":2,"minecraft:snowball":14,"minecraft:cobblestone":183},"minecraft:killed":{"born_in_chaos_v1:decrepit_skeleton":1,"minecraft:sheep":1,"minecraft:zombie":1,"born_in_chaos_v1:corpse_fly":2,"minecraft:cow":3}},"DataVersion":3337}