{"stats":{"minecraft:used":{"simpleplanes:charging_station":2,"minecraft:stone_shovel":9,"car:car_workshop_outter":30,"minecraft:chest":8,"minecraft:torch":10,"minecraft:dirt":26,"minecraft:anvil":9,"immersiveengineering:fluid_pipe":15,"immersivepetroleum:asphalt":8,"minecraft:stone_bricks":1,"immersiveengineering:concrete":9,"minecraft:furnace":4,"minecraft:trapped_chest":2,"car:gas_station":9,"minecraft:enchanted_golden_apple":2,"pipez:fluid_pipe":2,"tac:workbench":4,"minecraft:stone_pickaxe":691,"minecraft:wooden_pickaxe":50,"simpleplanes:helicopter":1,"minecraft:crafting_table":2,"minecraft:gray_terracotta":2,"car:car_workshop":14,"minecraft:stone_axe":53,"simpleplanes:large_plane":3,"minecraft:cobblestone":52,"minecraft:potion":1,"create:creative_fluid_tank":12,"minecraft:smooth_stone":1},"minecraft:picked_up":{"minecraft:crafting_table":1,"tac:bullet68":60,"apocalypsenow:fire_figther_boots":1,"minecraft:flower_pot":1,"minecraft:anvil":1,"apocalypsenow:bloodybandages":1,"minecraft:oak_stairs":1,"minecraft:stone_brick_wall":3,"minecraft:potion":63,"biomesoplenty:jacaranda_sapling":7,"minecraft:enchanted_book":6,"apocalypsenow:radio":1,"create:creative_fluid_tank":2,"minecraft:brewing_stand":1,"minecraft:heavy_weighted_pressure_plate":10,"minecraft:string":26,"pipez:energy_pipe":10,"tac:bullet_308":660,"minecraft:smooth_stone":79,"minecraft:bucket":1,"minecraft:redstone_torch":2,"minecraft:chest":7,"minecraft:furnace":4,"minecraft:stick":5,"minecraft:raw_iron":11,"minecraft:torch":4,"cfm:stripped_dark_oak_coffee_table":3,"minecraft:bowl":1,"mutationcraft:putrid_claw":4,"tac:b_magnum":61,"car:car_workshop":1,"immersivepetroleum:gasoline_bucket":12,"minecraft:cactus":1,"minecraft:rotten_flesh":56,"biomesoplenty:jacaranda_log":22,"cfm:gray_kitchen_counter":8,"tac:ai_awp":1,"minecraft:gold_ingot":1,"quark:dark_oak_leaf_carpet":1,"refinedstorage:1k_storage_part":1,"minecraft:cobblestone":471,"biomesoplenty:lavender":1,"tac:round45":65,"immersiveengineering:concrete_quarter":2,"minecraft:andesite":32,"minecraft:leather":2,"tac:58x42":61,"tac:57x28":120,"tac:10_gauge_round":36,"minecraft:oak_log":4,"embellishcraft:polished_marble_stairs":20,"tac:old_8x_scope":1,"minecraft:dirt":16,"minecraft:paper":5,"tac:lapua338":391,"tac:8x_scope":1,"embellishcraft:plate":2,"minecraft:bone":36,"minecraft:apple":1,"minecraft:stone_bricks":17,"minecraft:stonecutter":1,"minecraft:gray_terracotta":28,"apocalypsenow:human_flesh":5,"cfm:cyan_kitchen_drawer":4,"apocalypsenow:money":4,"tac:nato_556_bullet":78,"minecraft:iron_ingot":1,"simpleplanes:liquid_engine":1,"refinedstorage:cable":3,"tac:9mm_round":430,"minecraft:moss_block":3,"tac:ae50":2,"minecraft:dark_oak_stairs":2,"minecraft:book":15,"quark:light_gray_stool":2,"tac:50bmg":30,"cfm:light_gray_sofa":1,"quark:dark_oak_hedge":21,"tac:762x54":60,"quark:dark_oak_post":2,"tac:mrad":1,"minecraft:mossy_cobblestone":5,"apocalypsenow:blue_football_armor_chestplate":1,"minecraft:granite":23,"quark:framed_glass_pane":8,"simpleplanes:large_plane":3,"farmersdelight:rice_bag":3,"tac:762x39":612,"minecraft:stripped_dark_oak_log":3,"minecraft:coal":30,"minecraft:nether_star":1,"embellishcraft:light_gray_couch":9},"minecraft:mined":{"farmersdelight:rice_bag":3,"embellishcraft:light_gray_couch":9,"minecraft:potted_cactus":1,"minecraft:brewing_stand":1,"minecraft:granite":23,"immersiveengineering:concrete_quarter":2,"minecraft:grass_block":8,"minecraft:spawner":7,"minecraft:smooth_stone":80,"biomesoplenty:jacaranda_log":3,"minecraft:heavy_weighted_pressure_plate":1,"minecraft:furnace":4,"minecraft:iron_ore":11,"biomesoplenty:lavender":1,"minecraft:andesite":32,"cfm:stripped_dark_oak_coffee_table":3,"minecraft:peony":1,"minecraft:dark_oak_stairs":2,"minecraft:bookshelf":5,"cfm:cyan_kitchen_drawer":4,"minecraft:oak_stairs":1,"biomesoplenty:barley":1,"minecraft:stone":440,"embellishcraft:polished_marble_stairs":20,"minecraft:gray_terracotta":28,"lootr:lootr_chest":5,"minecraft:stripped_dark_oak_log":3,"cfm:light_gray_sofa":1,"minecraft:crafting_table":1,"minecraft:torch":3,"quark:framed_glass_pane":4,"minecraft:chest":2,"quark:dark_oak_post":2,"minecraft:cobblestone":12,"minecraft:wall_torch":1,"quark:light_gray_stool":2,"quark:dark_oak_leaf_carpet":1,"cfm:gray_kitchen_counter":8,"minecraft:coal_ore":22,"minecraft:dirt":8,"quark:dark_oak_hedge":21,"minecraft:stonecutter":1,"minecraft:stone_bricks":18},"minecraft:custom":{"lootr:looted_stat":5,"minecraft:interact_with_anvil":4,"minecraft:mob_kills":392,"minecraft:interact_with_crafting_table":13,"minecraft:leave_game":3,"minecraft:time_since_death":142148,"minecraft:climb_one_cm":10314,"minecraft:damage_resisted":332,"minecraft:sprint_one_cm":111489,"minecraft:walk_one_cm":473116,"minecraft:fridge_opened":1,"minecraft:drop":107,"minecraft:damage_dealt_absorbed":80,"minecraft:play_time":284311,"minecraft:deaths":1,"minecraft:sneak_time":1533,"minecraft:walk_under_water_one_cm":13566,"minecraft:jump":417,"minecraft:walk_on_water_one_cm":15144,"minecraft:total_world_time":284311,"minecraft:time_since_rest":142220,"minecraft:damage_taken":884,"minecraft:trigger_trapped_chest":1,"minecraft:fly_one_cm":131443,"minecraft:swim_one_cm":375,"minecraft:freezer_opened":1,"minecraft:player_kills":2,"minecraft:open_chest":51,"minecraft:crouch_one_cm":2435,"minecraft:fall_one_cm":1917},"minecraft:killed":{"zombie_extreme:infected_juggernaut":23,"undead_revamp2:thesmoker":6,"undead_revamp2:bomber":3,"minecraft:wither":1,"zombie_extreme:divided":34,"minecraft:guardian":1,"zombiemobs:zombie_wolf":1,"alexsmobs:frilled_shark":1,"zombie_extreme:runner":4,"zombiemobs:zombie_cow":1,"zombie_extreme:inflated":8,"minecraft:husk":59,"minecraft:zombie_villager":2,"minecraft:elder_guardian":1,"undead_revamp2:the_moonflower":3,"minecraft:ender_dragon":2,"undead_revamp2:theordure":1,"apocalypsenow:cannibal":1,"minecraft:zombie":119,"apocalypsenow:runner_44":7,"zombie_extreme:infected_police":2,"zombie_extreme:devastated":13,"alexsmobs:fly":1,"alexsmobs:crow":1,"minecraft:villager":2},"minecraft:killed_by":{"minecraft:player":1},"minecraft:broken":{"minecraft:wooden_pickaxe":1,"minecraft:stone_pickaxe":5},"minecraft:crafted":{"minecraft:stone_shovel":1,"minecraft:stone_pickaxe":7,"minecraft:chest":1,"minecraft:crafting_table":1,"minecraft:stone_axe":1,"minecraft:air":149,"minecraft:stick":4},"minecraft:dropped":{"apocalypsenow:human_flesh":2,"minecraft:enchanted_book":24,"minecraft:glass_bottle":1,"tac:bullet_308":600,"simpleplanes:large_plane":1,"car:car_workshop":1,"minecraft:trapped_chest":1,"minecraft:bucket":1,"tac:mrad":1,"minecraft:bone":4,"farmersdelight:melon_juice":80,"minecraft:anvil":2,"simpleplanes:liquid_engine":1,"minecraft:rotten_flesh":37,"tac:ai_awp":1,"apocalypsenow:bloodybandages":1,"tac:762x39":600,"tac:lapua338":391,"immersivepetroleum:gasoline_bucket":12,"create:creative_fluid_tank":2,"minecraft:stone_brick_wall":3,"tac:9mm_round":423}},"DataVersion":2975}