{"stats":{"minecraft:custom":{"minecraft:time_since_rest":13751,"lootr:looted_stat":3,"minecraft:sprint_one_cm":5299,"minecraft:walk_one_cm":56257,"minecraft:fridge_opened":1,"minecraft:fly_one_cm":1684,"minecraft:interact_with_crafting_table":2,"minecraft:freezer_opened":1,"minecraft:play_time":13751,"minecraft:sneak_time":150,"minecraft:walk_under_water_one_cm":81,"minecraft:jump":77,"minecraft:time_since_death":13751,"minecraft:walk_on_water_one_cm":1306,"minecraft:climb_one_cm":5969,"minecraft:total_world_time":13751,"minecraft:fall_one_cm":420},"minecraft:used":{"minecraft:wooden_pickaxe":37,"minecraft:stone_bricks":1,"minecraft:stone_axe":12,"minecraft:torch":5,"minecraft:dirt":7,"minecraft:crafting_table":1},"minecraft:mined":{"biomesoplenty:jacaranda_log":3,"farmersdelight:rice_bag":3,"lootr:lootr_chest":2,"biomesoplenty:lavender":1,"minecraft:crafting_table":1,"minecraft:grass_block":4,"minecraft:dirt":3,"quark:dark_oak_hedge":2,"biomesoplenty:barley":1,"minecraft:stone":22,"minecraft:stonecutter":1,"minecraft:stone_bricks":1,"minecraft:spawner":5},"minecraft:crafted":{"minecraft:crafting_table":1,"minecraft:stick":4,"minecraft:stone_axe":1,"minecraft:air":8},"minecraft:picked_up":{"biomesoplenty:lavender":1,"minecraft:stick":5,"minecraft:crafting_table":1,"quark:dark_oak_hedge":2,"biomesoplenty:jacaranda_sapling":7,"minecraft:oak_log":4,"minecraft:dirt":7,"biomesoplenty:jacaranda_log":22,"minecraft:apple":1,"minecraft:stone_bricks":1,"minecraft:stonecutter":1,"farmersdelight:rice_bag":3,"minecraft:chest":2,"minecraft:cobblestone":22}},"DataVersion":2975}