{
  "naturescompass:natures_compass": {
    "criteria": {
      "has_compass": "2024-07-07 22:54:12 +0000"
    },
    "done": true
  },
  "minecraft:recipes/decorations/crafting_table": {
    "criteria": {
      "unlock_right_away": "2024-07-07 22:54:12 +0000"
    },
    "done": true
  },
  "silentgear:recipes/misc/rough_rod2": {
    "criteria": {
      "has_item": "2024-07-07 22:54:59 +0000"
    },
    "done": true
  },
  "explorerscompass:explorers_compass_cobweb": {
    "criteria": {
      "has_recipe": "2024-07-07 22:54:12 +0000",
      "has_cobweb": "2024-07-07 22:54:12 +0000"
    },
    "done": true
  },
  "explorerscompass:explorers_compass": {
    "criteria": {
      "has_recipe": "2024-07-07 22:54:12 +0000",
      "has_compass": "2024-07-07 22:54:12 +0000"
    },
    "done": true
  },
  "explorerscompass:explorers_compass_cracked_stone_bricks": {
    "criteria": {
      "has_cracked_stone_bricks": "2024-07-07 22:54:12 +0000"
    },
    "done": true
  },
  "dungeons_arise:wda_root": {
    "criteria": {
      "WDA": "2024-07-07 22:54:12 +0000"
    },
    "done": true
  },
  "naturescompass:natures_compass_log": {
    "criteria": {
      "has_recipe": "2024-07-07 22:54:12 +0000"
    },
    "done": true
  },
  "naturescompass:natures_compass_sapling": {
    "criteria": {
      "has_recipe": "2024-07-07 22:54:12 +0000"
    },
    "done": true
  },
  "minecraft:adventure/adventuring_time": {
    "criteria": {
      "minecraft:beach": "2024-07-07 22:54:13 +0000"
    },
    "done": false
  },
  "DataVersion": 3337
}